ORIGEN_ESTACION,1,2,3,4,5,6,7,8,9,10,11,12,13,14,16,17,18,19,20,21,22,23,24,25,26,27,28,29,30,31,32,33,34,35,36,37,38,40,41,42,43,44,45,46,47,48,49,50,51,52,53,54,55,56,57,58,59,60,61,62,63,64,65,66,67,68,69,70,71,72,73,74,75,76,77,78,79,80,81,82,83,84,85,86,87,88,89,90,91,92,93,94,95,96,97,98,99,100,101,103,104,105,106,107,108,109,110,111,112,113,114,115,116,117,118,119,120,121,122,123,124,125,126,127,128,129,130,131,132,133,134,135,136,137,138,139,140,141,142,143,144,145,146,147,148,149,150,151,152,153,154,155,156,157,158,159,160,161,162,163,164,165,166,167,168,169,170,171,172,173,174,175,176,177,178,180,181,182,183,184,185,186,187,188,189,190,191,192,193,194,195,196,197,198,199,515
1,266,197,5,12,91,6,6,0,93,1,0,47,2,93,5,13,14,13,11,0,26,15,4,54,8,25,6,7,29,9,6,32,8,31,0,1,13,2,0,1,29,83,15,7,6,1,0,26,7,7,9,9,4,6,4,28,53,8,6,4,20,12,20,34,0,14,10,7,5,1,4,3,8,18,4,38,8,3,1,6,15,12,16,3,7,5,45,44,8,0,1,0,6,14,0,0,4,0,3,50,2,0,3,1,4,2,2,14,4,20,1,21,26,1,0,52,1,7,17,15,20,11,4,1,3,4,32,149,2,3,5,14,4,0,0,0,0,21,4,3,1,0,0,1,1,4,10,6,3,0,6,2,61,2,2,5,73,7,4,7,3,19,21,6,3,0,15,5,8,5,13,1,1,16,1,0,14,3,4,0,0,2,0,1,30,18,3,9,12,1,0,0,0,0,1,0
2,164,88,25,34,22,16,5,0,31,19,0,33,5,43,34,0,19,13,7,2,16,23,8,6,67,7,4,1,16,8,29,20,41,29,19,2,23,50,0,14,12,15,18,4,14,27,1,22,8,3,6,3,44,0,5,21,11,37,29,5,41,18,3,2,0,10,4,1,20,6,3,1,6,11,3,4,14,2,11,2,17,6,3,3,7,2,16,35,4,2,7,0,9,5,0,0,2,1,2,26,4,0,3,2,2,0,0,42,4,2,1,11,7,0,4,11,0,1,0,8,12,7,5,11,2,2,18,20,46,0,11,15,1,6,3,0,0,25,4,1,8,0,0,3,6,3,17,19,4,1,3,2,15,1,4,0,18,0,3,7,24,5,12,1,8,1,0,1,7,1,11,5,4,11,1,1,0,0,6,0,0,0,1,0,21,1,2,1,5,1,1,0,0,0,0,0
3,10,23,85,27,1,31,4,0,7,67,0,17,4,6,18,3,11,5,0,0,2,7,8,1,45,6,5,6,2,0,19,5,9,9,5,1,5,7,0,8,4,0,11,12,9,8,0,4,2,0,1,1,7,0,6,1,0,9,17,8,3,1,0,1,0,8,0,0,5,10,9,0,7,6,0,4,70,1,11,0,9,1,2,2,1,6,3,1,0,1,4,0,6,2,0,1,0,0,0,1,0,0,3,0,5,0,0,17,14,1,0,2,4,1,1,1,1,0,0,0,2,0,9,0,3,0,4,41,15,0,1,2,1,40,1,0,0,11,3,0,4,0,0,7,7,4,114,71,29,17,3,0,4,0,0,1,2,1,0,0,99,0,2,0,4,0,2,0,2,16,10,1,19,1,0,0,1,0,11,0,4,0,1,0,3,0,5,3,0,2,0,1,0,0,1,0
4,11,14,16,144,4,27,5,0,10,40,0,11,5,8,20,3,3,5,1,0,6,6,7,2,89,5,7,3,1,6,9,3,11,23,14,1,5,3,0,9,2,1,8,7,6,10,0,4,3,5,1,0,25,0,6,0,1,13,14,3,4,5,1,2,0,7,0,0,1,19,6,1,7,9,1,2,29,1,4,2,5,6,3,0,2,0,1,0,5,0,4,1,6,3,0,0,1,1,0,2,0,0,0,0,11,1,1,99,7,0,1,1,3,6,7,1,0,5,0,1,2,1,2,1,7,1,8,97,11,0,0,4,1,32,0,0,0,2,1,1,3,0,3,4,17,0,70,39,12,13,1,0,1,0,0,1,1,1,0,12,39,3,2,4,0,0,1,2,6,3,9,6,3,0,0,4,0,0,1,0,0,1,1,0,4,2,0,1,5,3,0,2,0,0,2,0
5,80,19,0,1,301,2,2,0,49,1,0,9,5,119,2,14,4,2,14,1,2,1,3,34,14,3,17,25,13,14,2,13,1,4,1,1,6,1,2,4,14,164,4,0,0,0,0,13,2,1,1,32,1,28,0,30,16,0,4,0,2,13,47,42,0,3,1,25,1,1,1,12,3,7,0,2,4,2,4,13,3,3,26,0,6,2,22,11,2,1,5,2,4,21,0,0,16,31,15,43,6,1,1,0,1,17,4,10,1,42,0,8,14,2,0,9,1,20,19,34,38,21,0,2,0,30,6,11,1,23,10,6,43,4,0,0,1,8,33,7,11,6,2,4,1,0,5,1,0,0,6,0,52,2,3,36,82,12,3,8,1,19,16,7,6,0,7,3,1,0,4,2,0,78,0,1,15,6,2,0,2,3,3,1,1,9,0,3,6,8,0,0,0,0,0,0
6,3,13,54,12,1,239,5,0,16,16,0,4,24,4,15,8,23,4,2,10,3,9,11,4,16,10,13,2,6,1,19,4,8,12,4,2,2,1,14,10,2,1,4,16,3,17,4,6,4,9,4,7,10,0,4,4,0,2,14,3,1,6,2,1,0,4,2,2,6,12,49,1,3,9,3,2,11,9,22,3,6,9,3,3,9,1,0,3,6,4,16,0,4,3,0,0,0,0,1,5,2,4,8,2,16,0,2,30,5,0,0,2,5,14,0,7,5,0,0,0,0,0,66,0,3,3,3,24,3,0,6,4,2,16,3,5,3,18,0,0,0,0,11,29,20,3,70,16,21,44,0,3,1,2,1,0,2,3,5,12,37,3,0,5,8,0,1,1,47,13,17,4,79,1,3,2,1,0,5,1,0,0,3,0,1,1,6,0,2,1,3,8,0,0,1,0
7,8,1,2,6,1,6,26,0,4,1,0,5,9,3,3,4,19,13,3,0,10,8,10,1,6,10,3,1,0,2,1,10,7,5,8,3,10,12,2,5,9,0,5,3,3,4,0,0,3,3,2,0,5,1,0,0,2,2,3,0,2,2,3,1,0,21,1,1,7,2,10,2,7,27,4,2,0,1,4,2,18,4,5,1,3,2,4,3,9,0,4,0,0,10,0,0,2,0,0,1,3,1,13,3,2,2,3,13,15,1,0,3,4,1,0,2,1,1,1,1,2,2,4,0,1,0,2,17,13,1,5,3,1,2,0,1,3,14,2,0,2,0,2,4,14,9,4,4,1,0,4,1,5,0,0,1,2,1,1,12,5,2,4,2,17,1,0,3,4,3,5,3,2,1,0,1,4,0,10,0,0,0,0,1,3,0,7,5,0,1,0,0,1,0,0,0
8,0,0,0,0,0,0,0,0,0,0,0,0,0,0,0,0,0,0,0,0,0,0,0,0,0,0,0,0,0,0,0,0,0,0,0,0,0,0,0,0,0,0,0,0,0,0,0,0,0,0,0,0,0,0,0,0,0,0,0,0,0,0,0,0,0,0,0,0,0,0,0,0,0,0,0,0,0,0,0,0,0,0,0,0,0,0,0,0,0,0,0,0,0,0,0,0,0,0,0,0,0,0,0,0,0,0,0,0,0,0,0,0,0,0,0,0,0,0,0,0,0,0,0,0,0,0,0,0,0,0,0,0,0,0,0,0,0,0,0,0,0,0,0,0,0,0,0,0,0,0,0,0,0,0,0,0,0,0,0,0,0,0,0,0,0,0,0,0,0,0,0,0,0,0,0,0,0,0,0,0,0,0,0,0,0,0,0,0,0,0,0,0,0,0,0,0
9,81,15,6,0,59,11,0,0,277,4,0,37,5,50,5,31,14,3,11,1,25,11,5,55,6,16,18,25,91,18,1,60,4,11,1,1,11,0,3,2,22,65,12,7,1,2,1,25,4,18,0,44,3,34,1,16,93,5,0,2,7,44,34,69,0,22,5,32,2,1,2,20,9,13,2,1,2,2,0,30,8,17,51,1,6,5,64,59,9,1,2,1,5,27,0,0,10,12,4,73,3,1,17,1,3,13,17,2,2,31,0,16,55,1,13,33,6,21,22,37,38,10,1,0,9,14,0,15,3,4,59,4,10,1,1,12,5,14,15,37,10,3,3,2,3,2,2,3,0,2,40,10,43,2,4,7,42,26,2,19,2,29,40,7,4,4,20,8,3,3,14,3,0,11,2,3,47,2,3,0,3,3,4,2,7,28,3,8,26,5,0,1,3,0,0,0
10,6,12,26,33,3,15,2,0,3,82,0,8,1,1,11,1,26,8,4,1,1,6,0,2,23,4,6,0,3,0,13,8,6,13,6,1,6,8,2,6,2,1,2,12,4,17,0,0,1,0,2,0,25,0,3,1,2,5,45,3,6,9,0,0,0,9,3,1,2,3,11,0,0,10,2,1,40,0,5,1,2,4,0,1,3,3,5,3,0,0,5,0,6,0,0,0,0,0,0,0,2,1,4,0,5,1,0,27,3,0,0,0,5,17,5,3,1,1,0,0,2,0,2,0,13,0,6,65,5,2,3,5,1,7,0,1,0,8,0,0,3,0,1,17,10,4,44,8,25,3,1,0,3,1,0,0,1,0,3,0,4,0,7,2,3,0,0,2,3,7,3,2,8,0,0,0,2,0,5,1,1,1,1,0,2,0,2,3,2,0,1,3,0,0,1,0
11,0,0,0,0,0,0,0,0,0,0,0,0,0,0,0,0,0,0,0,0,0,0,0,0,0,0,0,0,0,0,0,0,0,0,0,0,0,0,0,0,0,0,0,0,0,0,0,0,0,0,0,0,0,0,0,0,0,0,0,0,0,0,0,0,0,0,0,0,0,0,0,0,0,0,0,0,0,0,0,0,0,0,0,0,0,0,0,0,0,0,0,0,0,0,0,0,0,0,0,0,0,0,0,0,0,0,0,0,0,0,0,0,0,0,0,0,0,0,0,0,0,0,0,0,0,0,0,0,0,0,0,0,0,0,0,0,0,0,0,0,0,0,0,0,0,0,0,0,0,0,0,0,0,0,0,0,0,0,0,0,0,0,0,0,0,0,0,0,0,0,0,0,0,0,0,0,0,0,0,0,0,0,0,0,0,0,0,0,0,0,0,0,0,0,0,0
12,48,38,10,7,7,6,3,0,56,4,0,109,36,11,10,7,6,16,3,2,28,11,8,7,23,35,1,0,89,3,4,29,26,9,7,8,11,3,0,7,21,8,15,2,5,5,1,17,8,7,7,3,8,2,0,8,18,8,10,10,9,36,6,4,0,12,4,1,6,3,4,1,6,18,8,16,12,0,1,2,30,10,17,1,1,7,10,29,1,0,10,1,4,3,0,0,1,1,2,15,0,0,3,0,3,2,1,13,0,1,0,9,41,3,0,32,0,2,3,2,8,2,3,0,1,0,7,37,4,1,12,7,1,0,0,0,0,36,2,0,5,0,1,10,10,6,3,1,1,3,0,0,17,0,0,0,6,3,3,11,1,9,36,0,2,0,21,3,0,2,18,3,1,0,0,0,1,0,12,0,0,0,0,0,35,2,4,10,34,0,0,0,1,0,0,0
13,12,5,3,0,15,6,9,0,9,1,0,15,50,13,9,16,15,2,10,3,2,2,23,21,0,18,12,18,10,5,4,27,6,2,2,3,11,2,13,6,36,6,6,3,5,10,3,1,2,8,3,7,1,1,8,1,13,5,5,4,0,10,7,14,0,13,0,6,7,6,2,11,28,22,17,1,5,3,3,18,10,12,15,18,8,23,2,8,43,8,28,1,6,16,0,0,3,10,0,0,4,2,24,2,1,2,9,2,8,3,0,0,13,0,30,5,17,12,2,3,1,9,5,0,0,3,1,12,4,0,32,1,8,1,4,5,8,31,2,8,10,0,16,2,7,5,1,2,0,1,10,6,2,4,0,2,1,11,13,48,2,17,1,32,19,1,6,9,8,4,4,2,1,0,1,4,3,1,7,2,0,7,5,0,1,0,6,3,4,6,2,2,4,0,4,0
14,62,38,3,2,115,5,4,0,60,1,0,25,21,418,4,9,2,2,34,1,4,5,3,36,2,15,3,12,34,17,1,17,6,1,0,1,12,0,4,0,27,69,5,1,1,1,0,23,2,5,1,17,7,73,0,80,50,4,2,0,11,12,68,29,0,2,4,30,2,1,1,12,2,10,1,2,3,2,0,19,1,2,13,2,7,2,37,17,7,1,2,11,3,19,0,0,13,38,5,32,19,0,2,0,1,14,3,3,6,24,0,14,16,0,2,11,1,19,16,21,55,26,2,0,0,10,7,8,0,64,13,3,32,1,0,0,0,12,28,9,15,14,0,2,5,2,0,0,0,0,7,1,72,4,20,177,133,19,4,10,0,21,18,12,1,3,10,4,2,2,2,0,1,32,0,0,18,23,3,0,0,1,6,2,5,6,7,1,22,7,0,0,2,0,3,0
16,4,8,19,16,1,30,8,0,3,26,0,7,14,2,67,5,32,19,0,4,4,20,14,4,18,12,12,4,5,2,6,12,41,8,9,2,6,9,3,20,9,0,20,60,45,13,3,2,5,1,14,0,15,0,28,0,0,25,5,10,40,1,3,2,0,10,0,0,12,25,13,3,11,11,3,1,17,4,49,1,8,6,5,5,3,4,0,1,12,1,14,2,17,0,0,0,1,1,0,1,1,3,0,1,6,1,1,44,9,0,0,1,7,26,6,1,2,0,1,1,1,0,4,0,5,1,5,29,11,0,6,34,1,22,4,0,1,24,1,0,8,0,13,17,26,5,25,8,10,18,1,4,3,0,0,0,0,0,3,6,55,1,1,3,14,0,4,6,27,25,2,11,4,0,1,0,2,0,10,0,2,0,0,0,3,0,6,3,1,1,0,2,0,0,1,0
17,4,2,0,1,15,1,0,0,22,0,0,8,25,12,4,175,10,2,16,4,0,2,6,26,0,5,33,68,13,20,0,32,0,0,9,1,2,1,3,1,8,5,3,8,1,2,3,0,5,20,0,18,1,2,0,4,32,0,3,0,1,9,12,17,0,3,3,8,1,1,0,37,8,32,11,0,1,9,0,47,4,5,15,8,16,5,2,9,8,6,24,3,2,25,0,0,7,5,0,0,9,1,6,0,2,5,13,2,1,10,0,1,5,10,12,6,11,25,5,10,5,4,0,1,0,9,0,4,3,1,37,1,10,1,1,0,16,20,10,27,9,2,15,1,8,2,1,2,0,3,34,5,4,3,2,4,5,20,11,24,0,19,4,26,7,1,9,12,2,0,2,8,4,0,5,5,27,0,2,1,10,6,7,5,2,7,2,0,7,16,1,0,7,0,2,0
18,7,9,15,2,6,23,36,0,14,13,0,12,17,5,19,11,124,4,1,7,4,17,33,0,12,17,22,8,5,2,4,11,9,3,13,3,9,7,7,10,23,0,2,57,8,3,7,2,5,4,3,4,2,0,31,9,7,7,10,1,1,4,3,6,0,14,2,1,12,16,35,5,7,32,9,6,25,10,33,10,15,12,4,26,5,5,3,0,37,5,21,0,10,10,0,1,1,5,0,0,1,6,10,3,10,2,10,9,24,1,0,6,6,46,27,4,12,2,1,2,3,0,13,0,0,0,6,19,13,0,6,13,2,4,8,12,5,35,3,6,5,1,29,27,52,13,87,17,12,12,6,7,2,12,2,1,0,11,6,5,21,7,3,13,34,0,4,9,27,19,4,12,8,1,3,3,1,0,29,2,2,2,2,1,0,0,7,1,2,3,6,3,0,0,6,0
19,20,6,4,10,3,2,2,0,4,6,0,16,2,4,12,4,4,45,3,1,21,10,5,4,13,11,1,1,13,1,11,17,15,24,32,4,12,10,0,2,15,1,8,3,4,4,0,2,3,1,4,0,12,1,0,5,9,5,6,12,14,20,4,1,0,6,1,2,5,2,2,0,3,3,1,3,1,0,1,0,5,8,3,1,6,1,3,5,3,0,7,1,5,2,0,0,0,0,0,1,2,0,0,1,1,0,0,6,6,2,0,7,17,1,0,5,2,1,0,3,0,0,4,0,1,0,5,30,20,0,1,16,0,0,0,0,0,10,2,1,6,0,1,4,9,5,2,0,1,2,2,0,1,0,0,1,3,1,0,1,0,5,1,1,6,0,1,2,3,0,10,4,2,4,1,1,2,0,1,0,0,0,1,0,3,1,1,2,4,2,1,1,0,0,0,0
20,4,2,0,0,28,1,1,0,10,0,0,3,3,40,2,13,1,1,93,1,5,22,1,17,1,5,2,6,2,10,1,6,0,0,0,0,0,0,0,1,6,7,1,0,0,0,0,5,1,1,0,7,0,24,0,69,7,1,0,0,0,1,18,22,0,0,2,24,1,0,0,4,0,3,0,2,0,4,0,10,2,1,3,4,7,0,1,2,3,0,2,17,0,3,0,0,13,8,12,2,23,0,0,0,0,10,2,0,0,19,0,11,2,1,4,6,0,5,14,21,14,37,0,7,0,7,1,0,0,11,2,0,24,0,0,5,2,1,45,0,2,18,1,3,2,0,0,0,0,0,1,2,9,2,10,30,11,3,1,6,0,7,4,10,1,0,2,12,2,0,2,0,0,0,1,1,2,20,0,0,0,0,2,0,1,1,0,4,8,5,0,0,0,0,0,0
21,0,0,0,1,1,7,1,0,0,2,0,0,2,0,0,5,3,0,1,111,0,1,3,0,2,2,20,4,1,0,0,4,1,0,0,0,2,1,29,2,0,0,0,3,1,0,5,0,0,0,0,2,0,0,1,0,3,0,0,0,0,0,0,0,0,3,0,1,0,0,5,1,5,1,0,0,1,4,1,2,3,0,3,2,2,2,0,0,3,8,1,0,0,4,0,0,1,0,0,2,6,16,11,3,0,0,1,1,0,0,0,0,0,1,12,0,2,1,0,0,1,0,2,0,0,0,0,0,0,0,8,2,0,0,3,18,6,3,1,4,0,0,7,0,2,2,3,0,0,1,4,24,0,3,2,0,0,3,2,3,0,0,0,5,1,1,0,6,4,0,0,0,2,0,0,8,2,0,0,1,3,1,1,2,1,0,0,1,0,0,2,0,0,0,3,0
22,35,28,5,6,1,7,9,0,23,0,0,33,17,6,11,0,11,20,2,1,40,12,11,1,17,22,4,1,44,0,4,22,17,34,12,5,14,7,2,14,10,9,8,8,5,16,3,5,12,1,13,7,8,3,0,13,6,19,21,6,12,50,2,4,0,16,3,0,10,1,4,0,11,6,2,15,4,0,2,2,19,10,2,1,0,2,10,12,1,0,3,2,7,7,0,0,1,0,1,7,1,0,2,0,0,0,7,19,5,1,1,11,25,10,1,17,0,1,3,5,7,1,7,0,1,3,6,62,12,0,5,15,0,2,1,0,0,11,2,2,6,0,0,9,12,3,0,2,1,0,3,0,3,2,0,1,5,2,5,8,2,1,21,1,16,0,2,3,1,5,8,7,0,0,1,0,3,1,1,0,0,1,1,1,7,2,7,10,20,0,1,0,0,0,0,0
23,11,17,8,10,4,6,6,0,7,3,0,6,5,3,21,6,14,18,3,1,21,62,27,4,13,33,0,4,5,0,12,23,9,13,6,9,16,25,2,53,18,4,18,6,15,17,0,3,8,0,13,5,13,0,3,4,3,25,14,14,10,7,6,4,0,12,3,5,17,7,9,4,2,17,3,2,5,2,13,1,16,12,6,3,1,0,3,1,7,0,2,1,22,9,0,0,1,1,0,6,1,0,0,4,1,4,3,16,18,4,0,3,10,3,1,2,0,2,0,2,5,0,9,0,0,0,8,54,35,0,3,18,1,6,1,2,0,17,0,0,11,2,0,4,14,6,7,8,3,0,5,0,0,0,1,1,0,2,4,9,5,8,9,0,6,0,4,2,0,2,24,8,0,1,1,1,4,0,5,0,0,0,1,0,5,0,16,2,2,0,0,2,0,0,2,0
24,6,5,19,3,3,9,10,0,7,7,0,9,22,3,32,4,42,3,1,0,7,11,65,5,3,6,3,2,2,0,11,14,16,8,13,7,12,23,0,14,12,0,7,13,8,6,0,1,8,2,1,0,5,0,17,3,1,15,22,3,27,3,0,7,0,13,0,0,7,10,8,2,19,13,13,6,11,2,17,1,16,9,2,8,1,4,2,1,15,2,8,0,19,2,0,0,1,0,0,0,2,4,11,3,1,2,1,18,26,0,0,2,4,6,6,2,2,5,6,1,1,1,9,0,0,5,1,12,18,0,2,15,1,3,1,1,2,30,1,0,1,0,3,9,23,13,16,2,1,6,3,6,1,2,0,1,2,1,5,23,4,2,2,1,18,1,0,8,10,10,7,6,5,2,1,0,2,1,8,3,0,0,1,1,9,0,12,3,1,1,1,0,0,0,0,0
25,31,4,0,1,39,2,0,0,39,0,0,14,6,54,3,20,2,5,13,1,5,7,6,132,4,3,8,14,26,16,0,24,0,1,2,1,3,0,0,0,18,27,1,2,0,1,0,5,0,6,0,20,0,36,2,17,47,1,5,2,3,8,41,39,0,2,4,18,1,1,1,9,3,3,7,3,4,6,10,13,4,5,27,11,2,1,23,15,5,4,8,3,1,18,0,0,8,16,11,13,4,0,2,0,1,15,15,2,0,36,0,4,7,1,0,4,1,26,22,31,33,33,1,0,0,25,1,3,0,6,12,1,12,1,0,4,1,6,34,12,8,3,0,1,1,2,1,1,0,0,27,1,16,3,1,19,22,68,2,16,1,27,13,7,0,2,21,2,2,0,3,0,2,3,1,1,22,9,3,1,0,0,1,0,4,9,1,1,12,4,0,0,2,1,4,0
26,23,12,48,55,4,18,9,0,6,39,0,13,0,6,11,0,15,3,0,0,6,14,6,2,360,8,0,1,1,2,35,9,18,46,14,3,9,12,1,7,15,2,13,6,9,51,2,6,1,0,1,0,49,0,4,3,4,32,28,8,45,2,1,0,0,13,4,1,2,7,9,3,3,9,1,2,44,0,2,0,0,3,0,2,0,2,2,0,1,0,4,0,10,0,0,0,0,1,0,1,4,0,3,0,6,1,1,79,6,2,0,5,6,5,0,4,0,1,0,0,3,1,4,0,8,0,17,164,9,0,3,16,0,17,0,0,0,20,1,0,2,1,2,1,1,5,58,31,24,12,0,0,1,1,0,0,1,0,0,1,18,3,0,1,3,0,0,6,7,1,4,2,4,1,1,0,3,0,3,0,0,3,0,0,5,0,3,5,3,0,1,0,0,0,0,0
27,17,16,3,4,11,4,3,0,17,2,0,24,15,19,18,10,14,17,11,1,16,30,12,6,6,70,3,7,22,5,13,42,16,11,10,5,24,3,1,18,54,3,13,7,1,2,0,3,13,0,5,8,7,2,2,7,6,18,5,6,2,52,2,12,0,23,2,4,8,5,6,6,16,11,12,7,3,3,6,9,33,17,21,2,7,5,2,11,6,2,4,0,9,11,0,0,0,0,0,0,1,1,6,1,0,1,6,7,9,2,0,9,20,2,0,12,4,4,8,14,4,4,1,0,2,2,1,28,22,1,10,28,1,1,4,1,0,43,0,0,9,0,2,4,12,3,5,1,0,1,8,2,5,2,1,1,5,3,3,19,8,24,12,2,5,2,8,8,3,10,15,6,2,0,0,5,6,0,30,4,1,0,5,0,8,3,3,4,5,1,3,1,1,0,0,0
28,4,0,2,6,14,5,1,0,12,2,0,1,10,6,22,30,11,1,3,16,1,1,3,7,2,4,202,27,2,14,0,7,3,0,2,0,1,1,28,2,9,6,1,7,2,1,22,1,1,9,0,4,2,6,3,1,7,7,0,0,1,3,5,21,0,3,0,14,1,6,4,12,18,14,9,0,5,32,5,32,7,25,8,95,23,7,11,0,17,11,43,0,1,14,0,0,2,2,0,2,9,3,17,6,0,2,17,5,2,4,0,0,2,5,20,1,8,10,1,0,1,3,5,0,0,1,0,2,4,0,88,1,2,1,3,33,21,17,0,11,11,0,66,1,7,2,7,2,2,0,4,18,1,16,1,4,4,18,9,23,1,5,2,28,13,2,1,6,23,12,5,2,2,2,11,20,9,1,17,1,1,10,3,2,0,1,1,2,3,3,6,2,7,1,43,0
29,6,1,2,0,14,1,3,0,16,3,0,1,16,14,3,74,7,1,3,1,0,1,4,14,0,6,21,326,0,71,8,9,1,2,0,0,2,2,1,3,8,4,3,4,0,0,18,0,1,21,1,35,5,15,0,3,9,3,2,1,0,2,17,23,0,3,0,20,3,2,1,75,5,14,6,0,0,46,1,74,3,8,6,3,72,9,6,3,7,4,5,5,5,22,0,0,15,19,3,5,12,1,13,2,0,22,14,4,0,20,0,0,18,2,4,1,2,54,15,8,2,4,4,2,1,18,1,0,3,5,63,1,74,0,3,2,1,8,20,18,11,3,16,0,3,2,0,1,1,0,8,4,4,36,30,5,13,40,5,24,0,3,2,46,3,2,10,2,1,0,3,1,0,2,23,7,4,2,2,1,7,6,20,5,1,6,0,4,6,23,0,0,12,0,10,0
30,43,14,3,1,27,13,0,0,89,1,0,71,10,19,8,13,7,9,7,1,47,8,5,17,4,22,0,2,85,0,3,60,1,3,6,2,24,2,0,2,48,12,2,1,0,1,1,14,2,1,4,7,2,5,0,7,25,2,2,1,4,38,12,22,0,3,4,6,3,0,4,1,14,16,7,9,0,0,0,4,9,22,17,0,3,14,17,24,5,1,11,0,7,10,0,0,3,6,1,23,3,0,4,0,1,3,12,2,4,4,0,35,31,0,2,31,1,19,9,9,11,2,0,0,2,6,1,31,4,2,6,12,1,0,0,3,1,10,8,6,16,3,0,2,4,2,2,0,0,1,19,1,8,0,3,0,18,13,1,9,0,31,31,2,14,0,21,11,5,3,20,2,4,8,0,0,18,0,6,1,11,4,0,0,34,15,0,18,19,4,0,9,1,1,0,0
31,2,0,2,0,16,4,0,0,9,0,0,1,2,20,1,11,2,1,3,2,0,0,0,16,0,1,3,56,3,157,5,6,0,0,0,0,2,0,2,4,4,14,0,3,0,0,4,0,0,7,0,18,0,7,1,13,7,0,4,1,4,0,21,5,0,1,1,5,1,0,2,45,3,6,0,0,0,8,0,21,1,9,6,4,30,3,3,2,2,1,2,5,4,16,0,0,28,38,9,2,11,1,0,1,1,35,5,1,1,26,0,1,4,1,1,2,4,32,4,13,0,6,1,1,0,33,1,1,1,3,13,0,90,0,0,20,2,1,16,4,2,15,5,0,3,0,0,0,1,1,4,3,7,5,16,12,15,21,6,1,0,5,1,18,6,0,12,6,0,1,0,1,0,0,3,4,3,13,1,0,5,2,3,5,0,9,0,0,0,7,1,1,2,0,0,0
32,5,17,16,20,0,9,3,0,1,22,0,5,5,2,13,0,4,3,0,0,4,9,7,0,31,6,2,2,4,1,56,8,54,4,6,1,4,26,0,7,1,2,11,4,8,5,0,0,1,0,11,1,13,0,4,1,1,19,12,5,29,3,1,4,0,6,2,1,6,6,0,2,7,14,4,1,15,1,19,1,6,2,2,3,1,3,0,4,2,0,3,0,5,3,0,0,1,0,0,1,0,0,0,0,1,2,1,103,5,0,2,1,3,8,0,1,2,0,1,1,1,1,8,0,0,1,11,30,16,0,2,7,0,27,0,0,0,10,0,1,1,0,4,2,5,2,24,8,5,5,2,0,2,0,0,0,0,1,2,8,49,1,1,2,3,0,2,1,7,7,6,2,1,0,0,0,2,0,2,0,0,0,0,0,3,1,1,4,0,1,2,2,0,0,0,0
33,36,23,4,4,15,5,0,0,67,2,0,31,38,33,11,22,30,20,7,7,22,27,13,42,9,33,16,7,61,10,5,82,8,8,4,6,59,4,10,3,41,14,29,4,0,1,5,15,8,4,2,25,7,18,3,10,45,12,10,20,7,10,11,30,0,21,12,11,7,4,5,8,35,41,19,2,1,0,4,15,22,35,85,6,4,26,27,49,17,3,17,4,4,36,0,0,4,5,1,5,4,1,18,6,0,4,13,8,7,8,0,11,44,2,7,44,3,13,8,29,20,20,5,0,2,12,5,31,4,0,23,33,1,2,0,2,4,25,16,19,25,3,5,5,17,9,9,3,6,1,24,2,12,3,0,5,17,12,19,29,1,36,77,9,3,2,16,13,3,3,61,10,1,6,4,2,39,1,33,3,0,7,2,3,15,2,3,34,29,4,1,0,1,0,4,0
34,11,16,5,25,0,5,6,0,5,8,0,17,0,3,12,4,16,19,2,1,15,11,4,5,33,18,4,0,6,0,35,14,61,18,18,2,24,71,1,3,17,1,8,3,16,20,0,1,5,0,15,1,8,1,9,2,0,5,24,12,7,5,0,1,0,16,2,2,5,1,2,0,6,13,2,4,3,0,16,0,9,4,4,1,1,3,0,1,3,1,1,0,4,2,0,0,2,3,1,11,1,0,0,1,0,0,2,22,5,0,0,3,4,7,1,2,4,0,1,0,4,0,3,0,1,1,17,113,23,0,0,19,0,2,0,0,0,7,1,0,1,0,5,2,5,3,20,8,3,1,3,1,2,0,0,0,3,1,2,2,7,8,2,2,2,0,0,4,5,1,11,8,0,0,0,0,0,0,2,0,0,1,1,0,3,1,9,4,1,0,0,0,0,0,0,0
35,18,15,25,42,4,11,0,0,11,13,0,4,1,6,14,0,4,12,1,0,10,10,1,2,87,13,0,1,4,1,16,8,9,44,13,2,8,17,0,5,2,1,5,0,7,35,0,3,5,0,5,0,38,0,7,4,0,33,14,2,6,6,1,0,0,4,0,2,3,2,11,2,2,1,0,3,15,5,5,0,3,1,3,0,1,1,3,3,2,0,0,0,5,0,0,0,0,0,0,4,0,0,1,0,5,0,0,76,4,1,0,0,4,0,0,4,0,2,0,0,5,0,6,0,2,1,5,48,19,1,2,1,0,4,3,0,0,5,0,0,0,0,0,5,1,0,11,9,4,1,0,0,5,0,1,0,5,0,1,5,11,4,2,1,5,0,0,1,1,1,17,0,4,0,1,0,0,1,3,0,0,0,0,0,5,1,2,0,2,0,0,1,0,0,0,0
36,6,12,6,11,0,5,12,0,4,8,0,7,6,0,27,6,12,13,0,0,14,14,18,1,12,12,3,0,0,0,10,5,10,10,69,4,18,11,3,9,3,1,10,12,4,6,0,0,3,3,2,1,7,1,3,0,0,23,15,14,8,6,1,0,0,18,0,2,4,8,4,1,2,13,3,1,3,0,7,0,10,7,1,4,3,5,1,2,2,0,4,0,13,0,0,0,0,0,1,2,1,0,2,0,1,0,0,37,18,1,0,1,0,8,3,3,2,1,0,1,0,0,3,0,0,0,2,24,25,0,0,27,0,5,2,1,1,17,0,1,2,1,0,7,9,5,5,5,2,1,2,2,1,0,0,0,2,2,2,3,13,0,5,1,9,0,3,2,4,11,8,8,2,0,0,2,1,0,2,0,0,0,1,1,1,0,2,3,2,4,1,2,0,0,0,0
37,3,4,2,3,2,2,1,0,1,0,0,4,6,2,3,1,5,2,0,0,6,7,7,1,6,4,0,1,0,0,6,5,10,4,7,20,3,8,1,5,0,0,6,5,7,7,0,0,6,1,0,0,8,0,4,1,0,6,3,8,5,0,0,0,0,3,1,0,4,10,3,0,3,15,2,1,1,0,4,2,10,3,0,1,0,3,1,0,2,0,1,0,18,1,0,0,0,0,0,0,0,0,0,0,1,1,0,5,7,0,0,2,3,1,0,0,0,1,0,0,0,1,2,0,0,0,0,2,6,0,2,22,0,1,1,0,0,4,1,0,1,0,1,2,4,2,7,4,2,2,1,1,0,0,0,0,0,0,0,4,5,3,0,3,1,0,1,0,5,0,5,17,1,0,5,1,0,0,3,0,0,0,0,0,1,0,1,4,0,0,1,0,0,0,1,0
38,20,21,7,4,7,8,8,0,10,1,0,19,7,9,14,3,17,14,1,3,12,23,18,15,10,31,4,2,12,0,6,57,40,31,15,4,38,7,2,12,14,7,20,8,4,2,0,0,12,4,8,6,9,1,10,3,9,16,3,7,21,18,6,10,0,16,6,2,15,2,1,0,3,12,4,11,0,1,5,6,16,11,10,1,3,2,0,14,3,0,3,0,11,4,0,0,2,0,1,3,1,0,7,0,0,1,1,10,8,2,1,4,16,6,1,3,1,2,5,6,5,2,3,0,0,5,7,55,23,0,10,8,1,1,0,0,0,23,2,1,8,0,6,2,13,7,2,3,0,0,3,0,4,0,1,1,1,2,2,10,1,13,7,5,24,0,5,7,1,2,61,10,1,0,1,1,6,0,4,0,0,0,0,0,5,1,7,7,6,1,0,1,1,0,1,0
40,3,14,11,16,2,5,2,0,4,19,0,7,4,1,15,1,12,10,0,0,12,14,14,1,28,16,3,1,3,0,15,5,54,31,13,2,8,52,1,12,2,0,28,2,14,15,0,2,6,2,15,1,26,1,16,0,2,25,11,4,22,1,1,0,0,10,0,0,8,7,2,1,1,15,4,4,10,1,16,1,8,2,3,1,0,4,0,1,1,0,8,0,13,4,0,0,0,0,0,1,0,0,1,1,1,0,1,64,2,1,0,0,8,2,0,1,0,1,0,3,0,0,3,0,2,2,8,35,19,0,1,23,1,14,0,1,0,5,1,0,1,0,3,8,8,0,21,1,4,3,0,0,4,1,0,0,1,1,4,1,10,1,2,1,4,0,4,3,4,4,4,7,2,0,0,4,1,0,7,0,0,1,0,0,2,0,2,2,2,2,1,0,0,0,1,0
41,1,3,0,2,3,3,0,0,0,1,0,0,2,2,1,6,5,0,2,21,0,1,3,2,0,2,26,5,1,1,0,8,1,0,11,0,1,1,55,0,1,1,3,0,0,0,4,0,0,0,0,0,0,2,0,0,9,0,0,0,0,0,1,3,0,0,0,1,0,1,5,1,2,5,2,1,3,14,9,0,3,0,1,16,7,0,0,1,0,14,5,1,0,1,0,0,0,0,1,0,6,25,1,21,0,0,3,0,0,1,0,0,1,0,3,0,5,6,1,0,0,0,3,1,0,0,1,0,0,0,6,0,2,0,11,49,23,4,0,1,1,0,6,0,1,3,0,0,0,2,2,26,1,7,0,1,0,5,0,4,0,3,1,13,3,0,0,3,1,0,0,4,2,0,3,6,3,0,5,3,2,1,2,1,0,0,0,4,0,0,2,2,1,2,2,0
42,12,14,12,6,4,7,6,0,7,7,0,5,5,6,17,4,24,6,3,1,10,44,17,6,9,25,4,6,10,2,5,10,6,4,3,3,12,14,2,35,5,1,13,8,10,13,2,0,4,1,1,3,3,0,4,2,5,12,14,4,4,4,7,1,0,15,0,2,9,4,9,4,1,16,3,2,7,1,9,3,25,13,5,7,4,1,5,1,4,0,6,1,7,5,0,0,2,2,0,0,0,1,2,1,1,5,2,21,17,1,0,3,6,6,3,2,1,1,0,1,0,1,8,1,1,1,5,19,13,2,1,16,2,8,1,0,0,7,0,0,0,0,1,22,12,3,5,4,5,8,2,1,2,0,0,2,2,4,2,7,4,6,4,2,4,0,1,6,9,5,15,2,1,0,0,1,1,0,6,3,2,1,1,0,0,0,2,6,3,4,0,1,0,0,0,0
43,23,17,2,4,10,6,2,0,31,3,0,21,35,20,9,21,26,8,9,1,7,24,6,24,8,27,14,13,46,12,2,51,12,6,3,2,26,3,6,10,80,8,20,2,0,0,1,6,16,12,5,37,1,7,0,11,28,3,0,19,4,15,5,26,0,23,1,13,4,1,5,15,36,52,29,2,2,10,2,10,22,40,33,3,6,8,7,12,13,8,10,2,4,28,0,0,4,6,1,3,5,2,23,0,0,10,7,15,7,7,0,7,14,6,6,14,5,18,5,10,3,8,5,0,0,11,4,24,7,8,23,19,7,2,1,0,1,26,7,7,25,2,11,5,18,6,7,3,2,6,19,4,8,3,2,6,5,17,27,31,5,34,49,11,9,1,16,24,2,3,18,7,4,3,0,1,15,1,17,1,0,6,2,1,6,3,2,8,15,4,0,0,1,1,1,0
44,77,8,0,1,181,7,1,0,45,0,0,18,0,64,0,5,4,1,14,2,8,3,0,13,5,7,1,6,24,4,3,10,1,1,0,1,1,0,0,0,5,241,1,1,0,0,1,16,0,0,0,7,0,15,0,21,39,0,0,1,0,7,33,16,0,0,4,12,0,0,0,2,3,5,0,1,0,1,2,4,2,3,15,1,1,0,30,14,0,0,1,0,4,6,0,0,6,12,3,25,6,0,2,1,1,6,2,1,1,32,0,14,13,1,1,15,0,6,15,14,33,8,2,0,0,2,3,2,0,1,8,2,2,0,0,0,0,3,15,8,5,1,1,0,2,0,3,1,1,0,9,1,55,0,2,7,110,2,1,4,2,7,11,5,5,0,14,6,0,1,4,0,0,21,0,0,6,2,0,0,0,4,0,1,4,2,3,7,6,1,0,0,0,0,2,0
45,15,23,1,6,5,7,4,0,5,0,0,23,8,5,13,7,9,8,0,2,8,20,10,3,2,14,5,3,6,3,11,29,10,2,23,7,18,10,1,16,12,0,44,4,12,5,1,0,7,1,3,5,5,0,1,1,7,16,13,2,9,15,1,6,0,12,0,2,9,3,7,4,12,17,5,0,4,2,9,15,20,34,5,2,7,5,4,2,7,3,5,1,4,9,0,0,1,0,1,3,3,6,3,2,0,0,3,19,10,3,0,10,4,4,1,3,1,3,1,2,3,0,3,1,1,0,11,24,19,0,6,11,1,1,2,0,0,22,5,2,9,0,2,3,14,3,9,0,3,1,15,1,0,1,1,7,0,11,5,9,7,4,4,1,11,0,5,11,2,3,12,4,3,0,0,1,3,0,9,2,0,5,1,0,5,0,4,6,6,1,1,0,0,0,1,0
46,4,4,13,8,3,18,5,0,1,13,0,0,9,1,56,6,48,6,0,3,5,10,6,2,10,7,7,2,3,2,7,8,4,3,4,3,6,7,2,11,4,0,5,193,16,5,0,0,0,0,1,1,2,1,5,0,5,1,7,5,2,2,1,1,0,10,0,0,8,37,29,1,10,18,6,0,15,5,23,3,7,6,2,7,2,7,1,3,12,0,10,0,10,4,0,0,3,0,2,1,1,0,9,6,2,2,0,16,8,1,0,14,1,22,9,2,4,0,0,0,1,0,16,0,4,0,3,5,7,0,0,12,0,7,5,2,2,13,1,1,1,0,5,18,17,6,31,14,11,6,0,2,0,6,1,0,0,6,2,0,13,7,1,1,11,0,1,3,22,18,1,8,5,0,3,1,0,0,16,1,0,1,0,0,0,0,7,2,0,1,2,2,1,0,1,0
47,1,11,9,7,1,18,8,0,1,4,0,2,5,1,16,4,13,3,0,0,2,5,8,2,10,5,1,0,2,0,10,3,12,2,6,4,6,15,0,12,4,0,10,9,61,8,1,0,4,1,1,0,4,1,11,1,2,10,5,3,10,0,2,1,0,5,0,0,5,9,6,0,2,6,4,0,11,1,44,3,3,1,1,4,1,1,0,1,5,1,0,0,12,0,0,0,0,1,0,0,0,0,1,0,6,1,0,5,8,0,0,1,2,19,2,0,0,0,0,1,0,0,1,0,0,0,0,7,13,0,8,5,1,14,0,0,0,10,1,0,1,1,0,2,9,2,16,4,8,2,1,2,0,4,0,0,1,6,1,3,41,1,1,2,7,1,2,4,11,11,5,7,2,0,0,2,0,0,5,0,0,0,0,0,0,0,0,0,2,0,1,1,0,0,0,0
48,2,10,6,12,1,6,14,0,1,11,0,3,2,1,5,3,5,5,1,1,2,13,6,0,65,9,3,3,2,0,12,7,18,12,8,4,7,8,0,17,3,2,5,6,5,26,0,0,7,1,4,2,36,0,4,1,1,12,1,12,20,5,0,0,0,16,1,0,3,8,1,3,0,10,6,1,14,0,0,0,4,0,3,1,1,5,1,2,1,0,0,1,2,1,0,0,0,0,0,1,0,0,0,0,1,0,0,156,5,1,0,2,4,5,1,2,2,3,0,1,0,0,2,0,1,2,2,36,6,0,1,23,0,6,0,0,0,6,2,0,0,0,2,4,5,1,7,6,4,7,1,0,2,1,0,0,0,2,1,11,4,2,2,2,0,0,1,0,3,1,1,6,3,0,0,2,1,0,5,0,1,0,0,0,0,0,4,3,0,0,1,1,1,0,0,0
49,2,2,3,0,3,3,1,0,2,0,0,1,2,0,6,4,0,0,2,7,0,0,2,1,2,5,20,11,0,3,0,1,0,1,0,0,0,0,9,0,10,2,3,0,2,0,44,0,0,20,0,2,0,0,0,1,0,0,2,0,2,0,5,3,0,5,0,3,0,1,0,9,6,3,1,0,1,12,1,19,4,0,2,2,8,2,1,0,3,6,1,0,0,10,0,0,0,0,0,0,1,1,23,6,0,2,2,1,2,0,0,0,0,2,3,0,3,6,0,0,0,0,0,0,0,1,0,1,0,0,6,1,4,0,0,7,17,2,0,1,7,0,10,12,3,1,3,0,1,0,0,9,2,7,0,0,2,5,8,2,1,0,1,10,0,0,1,0,5,3,0,0,0,0,18,3,4,0,1,1,11,2,3,0,0,1,1,0,1,0,3,0,7,0,4,0
50,34,10,3,1,7,0,1,0,33,4,0,16,2,27,1,3,0,1,4,0,3,4,3,10,2,4,0,0,11,2,0,16,2,6,1,0,4,3,0,1,1,21,12,0,0,2,0,69,1,1,0,2,3,8,0,9,18,2,0,3,2,14,9,10,0,0,2,5,0,0,0,1,0,2,4,4,0,0,0,6,2,8,4,0,2,0,13,7,2,0,1,0,0,2,0,0,1,0,0,21,1,1,0,2,0,4,3,1,1,1,0,9,13,1,0,12,0,4,0,5,19,2,2,0,0,0,2,9,3,2,13,1,3,1,1,0,0,2,5,5,6,2,0,0,5,1,0,0,0,0,5,0,25,0,0,1,30,6,0,12,0,1,25,0,0,0,2,0,0,1,4,0,0,1,0,3,4,2,0,3,2,0,0,0,7,9,0,1,4,1,0,0,0,0,0,0
51,13,14,7,4,1,9,3,0,4,2,0,6,5,1,9,1,6,1,0,0,13,9,10,1,2,11,0,2,8,2,3,10,6,6,8,2,11,7,0,3,11,3,10,3,5,5,0,1,20,2,4,2,6,0,0,1,0,5,7,1,3,0,1,3,0,10,2,0,11,3,2,1,1,9,3,0,2,1,2,1,12,21,3,1,1,2,1,5,4,0,1,1,6,4,0,0,0,2,1,0,2,0,1,0,0,1,1,4,6,3,0,4,8,4,0,2,0,1,2,2,1,0,1,0,4,0,3,22,4,0,2,2,2,2,1,0,0,12,1,0,3,0,4,4,11,4,2,2,0,0,6,0,0,0,0,1,0,0,2,5,1,2,2,0,7,0,3,2,1,6,3,4,0,0,0,1,1,0,6,0,0,2,2,0,3,0,9,6,2,2,1,0,0,1,0,0
52,6,1,1,1,7,2,0,0,17,0,0,15,11,9,1,19,2,5,3,0,1,3,1,7,1,1,9,26,20,5,0,15,0,0,1,2,1,7,0,0,5,2,5,4,0,2,4,1,1,28,0,7,14,5,0,0,23,0,2,0,0,4,12,7,0,3,1,4,2,1,3,11,6,14,2,0,2,3,2,29,2,9,23,4,3,5,5,3,7,2,6,0,3,9,0,0,1,1,2,1,3,0,2,0,1,3,6,0,3,1,0,0,18,0,1,1,4,5,3,6,3,1,0,0,0,1,0,5,3,0,10,1,6,0,3,3,1,12,5,7,4,0,2,1,2,2,0,1,1,2,6,0,1,8,1,2,4,5,18,21,0,6,0,4,2,0,8,1,2,0,0,0,0,0,1,2,16,0,1,0,1,1,0,0,1,2,1,0,1,3,1,0,0,0,0,0
53,15,10,3,1,2,2,2,0,5,0,0,3,1,0,14,1,1,4,0,0,9,6,2,1,4,6,0,0,3,1,28,5,20,5,2,2,3,28,0,3,0,1,2,0,1,7,0,6,4,0,15,0,6,0,3,2,1,4,7,4,4,4,1,0,0,7,1,1,2,2,0,0,3,4,0,2,1,1,3,1,2,2,0,0,1,0,1,1,0,0,0,1,3,1,0,0,0,1,0,6,1,0,0,0,0,0,0,9,1,1,0,4,2,1,0,0,0,0,0,1,3,0,0,0,0,0,4,22,19,0,1,1,1,2,0,0,0,3,0,0,2,0,0,0,4,0,0,1,1,0,1,0,2,0,0,0,1,0,0,2,2,4,1,0,0,0,1,1,1,0,9,1,2,2,0,0,1,0,1,0,0,0,0,1,4,0,3,0,0,0,1,0,1,0,1,0
54,10,6,0,0,28,3,1,0,25,0,0,1,9,30,2,14,7,1,7,2,2,4,1,18,1,1,6,29,5,19,0,30,2,2,2,0,0,1,1,3,37,4,4,0,1,0,0,4,1,9,0,82,0,14,0,4,20,1,5,0,2,4,53,8,0,8,1,13,0,1,1,23,1,5,8,5,1,11,1,37,0,13,8,4,9,3,5,4,2,0,5,3,0,33,0,0,8,13,7,0,22,1,3,0,0,14,16,1,2,11,0,6,19,0,11,10,6,48,36,37,1,8,1,0,1,23,0,0,1,9,17,9,17,2,1,1,2,6,20,13,35,6,7,4,2,3,1,2,0,1,6,2,3,4,21,9,11,46,2,21,0,21,7,29,4,0,15,11,0,0,5,1,0,4,7,5,36,5,1,1,1,0,6,2,0,14,3,1,8,30,4,0,2,0,8,0
55,11,26,14,23,6,5,3,0,2,10,0,3,0,5,6,2,4,9,0,0,9,10,3,0,98,9,2,4,1,1,8,3,12,11,7,3,5,18,0,9,1,1,5,3,5,12,0,1,6,7,4,1,78,0,2,1,3,8,19,8,13,3,1,2,0,7,0,0,1,6,3,1,1,4,1,0,15,0,1,2,5,1,2,0,0,0,7,10,3,1,0,1,10,0,0,0,0,0,1,0,1,0,0,0,1,0,1,81,4,1,0,2,0,0,2,1,1,4,0,2,3,1,10,0,5,1,14,92,11,0,0,7,0,8,0,0,0,4,1,0,0,0,2,4,6,0,27,13,8,4,1,0,3,0,0,0,3,0,0,2,10,1,1,1,1,0,1,0,3,0,13,2,1,1,0,0,0,1,2,0,0,0,1,0,3,0,1,2,3,0,0,0,0,0,0,0
56,9,3,0,0,22,0,0,0,21,0,0,6,4,49,1,10,1,1,22,0,2,1,2,31,3,0,3,11,9,18,0,7,1,2,2,1,4,0,2,0,11,12,1,4,0,0,2,7,0,2,0,10,0,66,1,14,21,1,5,2,0,3,41,21,0,5,3,15,0,0,0,4,6,25,1,0,2,1,3,10,1,2,7,0,5,1,2,5,1,0,0,7,3,14,0,0,30,17,18,6,7,0,0,0,1,14,16,1,0,12,0,2,6,0,5,0,2,26,26,34,21,13,0,1,0,11,0,1,2,12,3,0,31,0,0,0,0,3,7,10,3,1,0,0,0,0,3,0,3,0,4,0,3,4,6,21,15,6,0,4,0,6,7,4,1,0,4,1,1,0,2,0,3,5,2,0,7,11,2,0,0,2,1,0,0,11,0,0,17,5,0,0,1,0,3,0
57,5,9,14,7,0,17,1,0,0,2,0,3,13,3,16,3,18,4,0,0,2,1,7,1,11,2,1,1,2,0,15,0,4,0,1,4,2,8,1,8,1,0,3,3,7,2,0,1,2,0,3,0,4,0,28,0,2,10,20,2,3,2,0,2,0,2,0,0,1,17,7,0,13,7,0,0,16,0,7,2,1,2,0,1,1,1,1,0,0,1,3,0,7,1,0,0,0,0,0,0,0,0,2,0,2,0,0,4,9,0,0,1,0,8,0,0,0,0,1,1,0,0,5,0,5,0,0,21,8,0,1,3,0,5,1,0,0,4,0,0,1,0,1,0,3,4,10,6,3,1,1,0,0,3,0,0,0,1,6,5,28,0,0,1,11,0,0,1,4,4,2,9,3,0,0,0,0,0,8,0,0,1,1,0,0,3,3,1,0,0,0,2,0,0,0,0
58,32,14,1,0,34,2,0,0,15,0,0,11,3,74,0,6,3,1,105,2,2,4,4,22,1,9,2,4,5,21,0,7,3,0,0,1,2,1,0,0,3,15,1,2,1,0,0,6,1,12,0,5,6,19,0,121,9,0,0,0,1,4,16,7,0,0,2,15,1,2,0,4,3,4,2,1,1,2,1,2,3,3,7,1,2,3,3,4,0,0,0,12,2,14,0,0,6,4,25,12,5,0,4,0,0,6,6,1,1,24,0,4,3,0,1,13,3,9,18,16,18,20,1,0,0,2,1,2,0,15,13,0,4,0,0,0,0,6,9,8,0,17,2,0,1,0,2,0,0,1,6,1,15,0,4,21,19,7,0,6,1,4,4,3,2,0,7,3,1,0,3,3,2,4,0,2,3,14,0,0,2,1,2,2,1,2,0,3,0,6,0,0,0,0,0,0
59,47,2,2,1,22,3,1,0,89,0,0,20,9,29,1,33,2,4,10,0,6,2,5,29,2,9,10,13,26,8,1,38,2,0,4,0,6,1,2,2,17,20,5,8,1,0,0,19,1,16,4,22,0,21,1,6,94,1,3,6,2,26,22,84,0,3,2,16,8,0,3,9,2,13,1,1,1,3,3,25,2,7,30,0,5,14,48,38,11,1,3,2,1,17,0,0,9,5,3,35,5,0,2,0,0,13,26,1,0,16,0,1,28,1,3,19,2,14,22,28,13,10,2,0,0,12,0,10,1,7,15,8,13,0,1,0,1,3,13,49,8,4,6,0,3,1,2,0,1,0,19,3,28,1,3,18,17,22,2,21,1,18,14,8,1,1,21,5,2,0,10,0,0,6,1,2,20,5,3,0,1,0,3,1,3,9,0,0,16,8,0,0,3,0,2,0
60,10,18,11,23,0,8,5,0,3,8,0,13,3,0,29,0,7,13,2,0,11,15,11,1,36,15,1,3,1,0,17,11,16,21,18,5,14,25,0,9,3,0,27,18,9,13,0,5,10,8,10,0,14,0,7,1,1,87,27,16,14,2,0,1,0,10,1,2,8,10,5,0,8,3,1,5,15,0,13,0,9,6,0,2,0,1,1,1,6,0,2,0,11,1,0,0,0,0,0,0,1,0,0,0,3,0,5,44,7,0,0,0,11,5,0,1,1,0,2,1,1,1,0,0,5,1,9,73,15,0,5,12,2,9,0,0,1,2,1,0,4,0,6,2,5,2,17,8,4,1,1,0,1,1,1,0,1,7,2,5,16,5,1,3,3,0,0,1,4,1,6,5,2,0,0,5,0,0,1,0,0,0,0,0,4,2,13,1,2,1,0,1,0,0,1,0
61,0,12,17,16,2,17,3,0,1,55,0,6,7,1,5,2,10,4,1,0,3,10,3,2,27,14,1,4,4,0,6,7,20,5,8,5,10,21,1,19,7,1,6,5,4,7,1,2,5,1,8,0,23,0,37,0,2,34,30,7,11,1,0,1,0,3,0,1,5,1,11,3,3,7,3,1,62,0,48,0,5,3,2,4,3,10,0,3,1,1,3,0,9,1,0,0,1,1,0,0,0,0,2,0,9,0,2,43,4,1,0,1,3,2,0,1,1,8,1,0,1,1,6,0,2,1,3,48,3,0,2,5,0,64,2,0,0,7,1,0,3,0,0,12,6,2,72,23,13,11,2,1,0,2,0,3,0,0,4,5,114,2,1,6,3,0,4,5,8,4,9,7,4,0,2,0,1,0,8,2,1,0,0,0,0,2,2,4,1,0,1,3,0,0,0,0
62,6,11,2,6,0,5,1,0,2,1,0,3,3,0,20,1,4,5,2,0,6,9,3,5,4,14,1,1,4,1,11,20,8,2,52,12,8,12,0,9,14,3,9,2,2,9,0,0,2,0,2,8,5,1,8,0,5,3,8,41,1,7,2,3,0,7,1,1,5,4,3,0,1,10,1,3,3,1,3,0,7,5,0,0,2,0,2,2,2,1,0,0,14,0,0,0,0,0,0,1,2,1,0,0,0,1,1,12,8,0,0,1,3,7,1,10,1,1,0,0,0,1,1,0,1,0,2,20,17,0,4,8,0,0,1,0,1,2,2,0,2,0,0,0,3,3,8,3,4,0,3,2,1,1,0,0,1,2,0,1,0,6,2,0,3,0,4,1,9,0,11,2,0,0,0,1,0,0,1,0,1,0,0,0,10,0,1,6,1,0,0,0,0,0,0,0
63,4,16,4,9,3,1,4,0,5,5,0,11,3,3,22,3,9,14,2,0,7,8,6,4,23,16,2,1,0,1,36,13,20,8,20,18,26,25,1,5,10,2,7,2,35,40,0,0,8,0,11,1,8,0,6,2,3,32,32,7,34,7,1,1,0,12,0,1,1,2,3,1,6,3,2,2,9,1,6,2,12,7,10,0,0,1,1,2,2,0,4,0,4,1,0,0,1,0,0,0,2,0,1,2,0,0,1,20,6,0,0,2,5,6,0,0,1,3,1,2,0,1,2,0,0,0,9,72,56,0,3,8,0,7,2,1,0,3,0,1,2,0,3,1,4,2,7,2,0,0,4,2,1,1,1,0,5,2,1,4,3,4,2,1,3,0,0,1,4,1,14,4,1,0,0,0,0,0,3,1,0,0,0,0,0,0,7,2,0,0,5,0,0,0,0,0
64,16,12,1,9,4,9,3,0,42,4,0,51,8,15,3,3,5,23,2,0,44,16,8,9,7,50,6,2,42,0,3,17,15,12,0,0,24,1,0,3,17,8,14,2,2,3,1,10,5,0,4,4,8,5,2,5,18,5,1,4,3,58,1,8,0,14,4,2,0,1,2,2,11,11,4,7,3,0,1,1,13,17,13,4,1,8,7,25,1,1,10,0,2,5,0,0,1,2,0,7,6,0,0,1,1,0,1,11,2,5,0,14,39,1,0,25,2,6,3,14,16,5,0,0,1,9,2,24,1,0,5,14,0,1,0,0,0,18,2,2,8,0,1,4,10,2,3,1,0,4,6,1,14,2,1,3,7,3,1,6,0,2,23,3,20,2,4,5,0,2,7,2,1,0,0,1,8,1,1,0,0,0,2,1,11,5,2,10,18,1,0,3,0,0,4,0
65,16,0,0,0,28,1,0,0,50,0,0,14,6,41,3,7,2,1,21,1,4,3,6,40,0,1,6,7,13,11,2,24,0,0,1,0,1,0,5,3,5,29,2,0,0,1,5,9,1,4,1,59,1,45,0,21,70,1,7,2,1,8,112,42,0,1,3,45,2,1,0,14,2,8,2,1,2,1,2,11,3,6,36,6,15,17,9,15,0,0,2,1,1,16,0,0,15,6,12,27,5,0,1,0,1,18,12,3,0,16,0,3,13,0,0,10,0,30,64,27,31,16,1,3,0,28,0,2,1,7,4,2,19,0,0,0,2,5,25,19,17,1,2,1,0,0,0,1,0,1,12,0,14,1,4,10,14,26,3,11,1,17,9,12,1,0,15,7,1,0,5,1,1,3,0,0,10,5,1,0,1,0,0,4,7,15,0,2,15,12,0,0,3,0,2,0
66,30,3,0,0,30,3,0,0,58,0,0,4,17,23,0,27,8,0,23,1,5,8,1,33,2,9,19,17,23,7,2,41,2,1,1,1,2,1,0,3,18,16,2,4,0,2,0,11,8,14,3,24,0,20,1,8,52,0,5,0,2,9,31,123,0,8,12,19,2,2,1,14,6,8,1,1,0,3,4,9,9,13,15,9,4,2,30,23,2,0,5,1,2,23,0,0,4,5,3,15,1,0,4,1,0,15,32,1,0,22,0,1,19,1,18,7,1,22,11,48,13,12,0,3,0,7,0,0,7,20,21,9,5,0,0,17,8,12,28,33,17,5,4,0,7,2,0,2,0,0,21,1,14,2,2,9,20,8,8,13,0,39,9,7,1,1,11,10,2,4,13,2,0,3,1,4,14,7,2,0,0,1,0,6,1,7,1,6,37,7,0,0,1,0,3,0
67,0,0,0,0,0,0,0,0,0,0,0,0,0,0,0,0,0,0,0,0,0,0,0,0,0,0,0,0,0,0,0,0,0,0,0,0,0,0,0,0,0,0,0,0,0,0,0,0,0,0,0,0,0,0,0,0,0,0,0,0,0,0,0,0,0,0,0,0,0,0,0,0,0,0,0,0,0,0,0,0,0,0,0,0,0,0,0,0,0,0,0,0,0,0,0,0,0,0,0,0,0,0,0,0,0,0,0,0,0,0,0,0,0,0,0,0,0,0,0,0,0,0,0,0,0,0,0,0,0,0,0,0,0,0,0,0,0,0,0,0,0,0,0,0,0,0,0,0,0,0,0,0,0,0,0,0,0,0,0,0,0,0,0,0,0,0,0,0,0,0,0,0,0,0,0,0,0,0,0,0,0,0,0,0,0,0,0,0,0,0,0,0,0,0,0,0
68,8,11,5,1,4,5,16,0,11,19,0,16,4,4,9,12,16,4,6,4,3,24,15,2,7,15,4,6,3,1,9,22,10,4,11,4,9,6,2,11,8,6,19,30,5,8,0,0,5,11,7,9,2,13,0,3,3,12,4,6,19,14,0,5,0,210,3,6,11,9,7,1,10,61,10,2,14,7,15,8,11,21,12,3,5,3,2,2,5,0,15,0,23,7,0,0,2,1,0,3,1,1,14,4,4,2,4,33,10,2,0,3,8,5,0,2,3,8,3,4,4,1,1,3,0,0,1,11,6,0,3,12,1,5,3,2,0,19,2,3,6,0,2,8,30,4,11,10,4,4,8,1,4,0,1,0,3,1,10,16,3,5,3,3,5,0,2,13,6,10,14,4,3,0,3,1,0,2,7,1,2,2,2,0,3,0,7,0,4,3,1,0,0,0,3,0
69,4,1,0,0,1,0,0,0,12,0,0,7,3,6,3,1,0,3,3,0,1,3,0,13,0,5,0,1,3,1,0,6,3,1,0,2,3,0,2,0,3,2,2,1,0,0,0,2,0,1,2,7,0,1,1,0,2,0,0,1,1,3,10,8,0,3,19,0,2,0,2,5,3,12,0,0,1,1,1,1,0,5,7,1,1,0,8,2,0,0,4,0,2,5,0,0,2,1,1,1,1,0,0,1,0,1,3,1,0,1,0,1,8,0,1,3,0,3,1,3,3,4,0,0,0,2,0,1,0,1,2,1,2,0,0,0,0,2,5,2,5,0,0,0,0,0,0,0,0,0,2,0,2,2,0,0,3,5,3,2,0,4,3,1,1,0,16,1,1,0,3,1,0,0,0,0,5,1,0,0,0,1,0,1,0,0,0,0,3,0,0,0,0,0,0,0
70,2,1,0,0,9,1,0,0,27,1,0,2,1,28,0,3,2,0,20,0,1,16,1,19,1,5,20,7,3,16,0,16,0,0,2,0,4,0,0,1,20,15,5,1,0,0,1,1,1,0,0,12,0,9,0,13,14,0,1,0,0,4,50,19,0,4,2,51,0,0,0,8,2,3,0,0,0,0,0,7,4,3,11,0,2,0,9,6,0,0,0,0,3,15,0,0,9,8,2,7,2,0,0,1,1,16,6,1,0,27,0,2,6,0,0,1,0,14,9,15,7,11,0,0,0,14,0,0,0,5,10,5,14,0,0,5,1,17,22,3,1,8,0,0,0,1,2,0,2,0,9,4,4,0,11,35,15,26,0,10,0,14,5,9,0,0,7,7,0,0,1,0,0,2,1,1,10,8,3,0,4,0,0,0,2,12,0,1,15,9,0,0,1,0,8,0
71,6,7,8,2,1,13,5,0,4,3,0,11,9,0,6,2,11,4,0,0,14,7,13,3,4,9,1,2,7,2,10,9,6,4,9,4,12,7,0,9,12,2,13,5,9,4,2,1,4,1,1,0,3,3,3,1,1,7,7,3,1,6,2,1,0,3,1,0,34,2,5,0,1,9,1,2,0,0,1,4,30,15,2,4,0,4,1,1,1,0,1,0,5,3,0,0,2,0,0,0,3,0,1,1,0,1,3,3,12,1,0,14,3,6,0,3,0,3,0,2,0,0,4,0,3,0,1,21,14,0,1,6,2,1,0,0,0,7,0,1,4,0,2,1,3,1,1,1,1,2,2,0,0,0,0,0,0,3,1,9,3,2,1,0,11,0,4,6,6,0,8,4,1,0,2,0,2,0,6,2,0,1,1,0,4,1,6,11,2,1,0,1,0,0,0,0
72,3,4,15,4,4,15,5,0,0,2,0,2,9,0,54,4,17,3,0,0,2,10,9,1,7,1,4,3,1,0,8,2,8,2,5,3,6,19,1,8,4,0,1,12,19,5,2,0,1,0,0,0,7,1,2,1,1,3,6,7,6,1,0,0,0,8,1,1,2,62,14,2,5,12,1,1,12,3,13,2,6,2,2,4,1,3,2,0,3,1,3,0,12,1,0,0,0,0,0,1,1,0,8,1,0,0,0,9,16,0,0,0,0,20,6,0,3,0,0,0,0,0,9,0,0,0,2,8,12,0,0,6,0,3,0,0,0,13,1,0,4,0,1,7,12,3,7,14,6,3,0,1,0,0,0,1,0,2,4,2,9,2,0,5,9,0,0,3,16,11,4,12,6,0,1,1,4,1,21,1,1,1,0,0,0,0,5,6,1,1,0,0,0,0,0,0
73,4,3,23,7,2,61,3,0,11,9,0,4,8,2,10,2,16,1,5,2,4,2,9,2,23,2,2,1,3,1,3,3,2,12,1,6,3,0,4,6,5,0,2,12,6,7,5,0,0,7,1,0,1,1,2,0,2,8,7,4,1,6,2,0,0,1,1,4,3,10,145,1,1,5,3,0,14,5,20,1,8,3,2,9,3,1,2,5,6,8,8,0,1,1,0,0,0,0,1,0,0,1,1,2,15,2,1,27,3,0,0,0,4,14,4,2,0,1,0,1,0,2,53,0,0,3,3,25,3,0,5,6,0,15,5,2,2,8,0,0,2,1,5,11,17,1,23,9,27,50,0,0,1,1,0,0,0,0,3,4,19,4,2,5,7,0,6,0,10,15,3,5,47,1,0,2,0,0,5,0,0,0,0,2,2,0,7,0,7,0,0,14,0,0,0,0
74,1,2,0,1,11,3,1,0,8,1,0,1,1,12,1,28,3,2,3,1,0,5,1,10,1,6,13,81,1,62,1,5,2,0,0,0,1,3,3,2,2,15,1,0,0,0,35,0,1,5,0,14,3,5,2,2,5,0,0,0,1,1,17,6,0,2,1,19,0,0,3,141,5,4,0,3,0,28,0,38,1,8,1,2,42,3,2,0,4,3,4,8,4,17,0,0,22,19,3,1,3,0,1,0,0,13,2,0,0,8,0,2,8,1,5,1,1,25,6,7,1,6,13,1,1,22,0,2,5,1,33,0,48,0,1,3,1,4,7,9,3,1,1,2,0,1,0,0,0,0,8,1,1,15,20,3,5,26,2,9,0,12,1,19,2,0,2,0,0,0,1,1,1,2,11,8,1,0,2,1,3,2,7,10,1,5,0,0,3,2,0,0,0,0,1,0
75,3,5,5,2,4,8,2,0,5,2,0,7,30,0,17,10,12,0,2,2,2,13,26,4,2,13,13,13,12,1,1,15,1,0,2,0,7,4,0,0,22,0,5,9,1,3,7,0,2,6,1,6,1,4,0,2,1,4,6,2,0,4,1,2,0,10,4,3,3,2,5,0,90,58,32,1,6,4,0,24,9,22,14,16,7,29,2,2,30,7,24,2,4,16,0,0,1,2,1,2,2,1,19,10,0,3,7,4,8,0,0,0,8,4,10,2,14,2,0,2,1,2,0,0,0,0,2,3,2,0,23,1,2,0,4,1,1,56,0,7,10,0,10,2,9,4,8,4,4,1,14,10,2,13,1,1,1,4,11,33,1,4,4,10,9,2,10,16,7,5,17,6,0,0,0,3,2,0,9,1,0,14,0,1,0,0,1,4,2,0,1,0,5,0,0,0
76,13,8,0,2,6,9,21,0,26,6,0,13,8,6,11,14,24,2,2,2,5,8,10,2,2,27,15,31,23,7,10,52,10,0,2,11,19,6,9,8,62,5,24,22,4,0,1,6,4,24,0,6,0,16,4,6,6,16,9,7,4,19,2,8,0,37,6,1,5,18,14,9,77,224,22,5,7,6,6,13,14,77,14,7,18,19,0,6,36,6,34,1,7,20,0,0,5,1,5,2,2,2,46,13,1,2,10,14,12,2,0,11,19,12,8,4,17,13,2,3,2,4,0,4,0,2,1,13,9,6,16,7,5,4,8,6,0,41,7,12,28,1,13,4,21,19,13,8,2,5,9,5,6,4,1,2,3,9,21,71,7,28,6,18,21,2,15,22,2,12,22,4,2,0,6,9,7,2,18,8,1,11,2,3,2,1,7,20,6,17,4,0,3,0,2,0
77,0,3,1,0,1,3,2,0,7,3,0,7,26,2,8,5,12,1,0,2,1,8,21,1,3,6,9,17,13,1,0,16,1,4,0,1,3,2,0,2,34,0,4,7,3,0,3,1,0,7,0,2,1,0,3,1,3,9,2,2,2,1,0,5,0,4,1,2,4,5,7,2,26,74,40,0,8,5,4,6,8,23,1,10,3,17,1,2,20,3,20,0,5,8,0,0,0,1,2,1,0,0,39,7,2,2,4,3,4,0,0,0,1,6,6,0,8,1,0,1,1,2,0,0,0,0,1,10,3,0,6,4,6,3,0,2,0,26,1,2,7,0,4,5,15,0,4,2,0,3,2,1,1,2,0,0,3,3,6,25,2,2,4,7,3,0,4,4,1,5,19,2,0,0,1,1,0,0,21,2,1,6,0,2,0,0,6,1,1,0,5,0,6,0,0,0
78,32,4,0,5,5,2,2,0,3,1,0,13,0,5,3,1,10,1,1,0,6,2,0,2,8,14,0,0,14,0,3,6,0,19,1,0,5,4,0,3,3,1,2,0,0,0,0,8,0,2,1,5,6,0,1,5,1,0,3,1,2,10,0,1,0,1,0,0,1,0,3,0,1,9,0,24,0,0,0,3,0,4,1,1,1,0,3,2,0,0,6,0,1,1,0,0,1,0,0,4,2,0,0,1,0,1,0,2,2,0,0,3,4,2,0,4,0,0,0,1,5,1,3,0,1,0,3,13,1,0,3,1,0,1,0,0,0,2,0,0,1,0,0,1,3,2,6,1,0,1,0,0,2,0,1,0,12,1,5,0,0,0,4,0,0,0,0,0,1,0,6,2,0,1,0,0,6,0,0,0,0,1,3,0,13,1,1,3,4,0,0,1,0,0,0,0
79,7,5,44,34,2,18,2,0,1,23,0,11,9,3,15,2,34,6,0,0,0,4,13,2,68,5,8,1,5,0,21,7,3,15,5,3,1,3,2,11,7,1,3,19,7,10,2,0,3,4,3,2,10,1,7,2,0,5,40,7,5,0,1,1,0,6,0,0,1,5,14,1,6,7,11,0,133,1,19,1,6,4,0,5,1,6,2,2,8,0,3,0,8,1,0,0,2,0,0,0,0,1,5,2,5,0,1,137,25,0,0,0,0,6,0,0,0,1,0,1,0,0,4,0,11,0,1,24,5,0,3,10,0,9,1,1,0,9,1,2,1,0,4,13,17,5,76,44,31,8,0,3,1,4,0,1,2,0,0,1,35,2,6,3,10,0,2,0,5,5,5,1,10,0,0,0,1,0,12,0,2,0,1,0,1,0,2,0,0,0,2,5,0,0,2,0
80,0,0,0,0,1,3,0,0,3,0,0,1,0,3,4,8,2,3,1,7,0,0,25,8,0,0,29,38,0,12,0,3,0,2,2,5,1,0,4,1,1,3,4,4,3,0,24,0,0,2,1,14,0,2,0,1,0,2,0,0,0,1,3,7,0,0,0,6,0,5,1,28,3,9,4,0,2,87,0,11,5,1,1,16,43,2,1,3,5,2,6,1,0,9,0,0,2,1,4,1,5,1,4,2,0,9,7,0,1,2,0,0,0,1,1,2,5,10,4,1,0,0,0,0,0,1,0,1,5,2,28,0,2,0,3,2,3,7,3,3,1,5,8,0,2,0,2,0,0,0,2,10,1,19,0,1,2,12,0,0,0,4,1,28,7,0,0,0,1,0,2,1,2,0,22,4,2,1,10,0,3,2,12,3,0,2,0,0,0,2,0,0,1,0,13,0
81,1,24,11,25,2,35,1,0,1,7,0,2,4,1,15,3,45,1,0,2,1,9,9,5,13,5,4,2,3,1,24,0,14,3,9,8,0,9,3,10,8,0,20,29,10,6,0,0,0,0,1,0,7,2,5,0,0,5,30,2,5,2,0,0,0,21,0,0,3,5,16,2,4,13,2,0,33,1,46,1,6,3,1,3,0,4,1,2,19,0,4,0,4,1,0,0,1,1,0,0,2,1,4,7,4,0,2,30,11,0,0,0,2,7,2,0,2,0,0,1,3,1,3,0,2,0,3,14,18,1,1,4,1,15,0,0,0,6,0,0,0,0,0,15,8,6,40,6,14,11,3,1,2,5,0,1,0,3,1,2,6,2,1,0,17,0,0,2,12,7,0,4,2,0,0,0,0,0,11,0,1,1,0,0,1,0,9,0,0,0,1,7,1,0,0,0
82,3,0,0,1,18,1,0,0,29,2,0,3,10,24,2,44,2,1,3,0,1,3,0,16,2,0,14,46,2,24,0,14,2,1,2,0,0,0,2,0,6,9,22,6,1,0,15,4,0,19,0,42,5,10,0,5,12,3,0,0,9,5,15,10,0,4,1,9,0,2,0,27,9,29,12,0,0,11,1,76,5,5,13,8,22,5,6,7,9,7,5,5,2,29,0,0,16,10,0,0,7,0,9,2,0,9,17,18,1,8,0,1,5,0,5,1,11,8,22,29,5,3,1,1,0,18,0,4,4,1,27,1,13,0,2,1,1,11,7,17,7,0,17,2,7,1,1,2,0,0,9,3,3,10,4,3,0,50,4,22,0,2,1,45,7,0,1,2,2,2,5,6,7,5,17,3,11,1,8,0,7,3,7,3,5,2,1,2,14,29,1,0,6,1,4,0
83,18,11,5,7,7,6,1,0,6,6,0,26,13,1,6,8,7,7,1,1,4,14,12,13,3,27,10,5,13,2,4,33,10,4,7,8,15,8,0,12,18,9,14,7,13,8,3,5,22,2,13,3,4,7,6,2,4,38,2,4,20,20,4,4,0,17,1,2,6,9,4,6,8,19,21,2,5,7,5,5,71,27,15,2,8,6,1,7,9,2,7,2,7,13,0,0,2,2,0,2,3,4,12,2,0,1,5,5,8,5,0,10,11,17,7,10,1,4,1,4,2,3,1,0,1,3,3,21,19,1,11,21,4,2,4,5,0,61,4,2,17,0,5,2,21,8,7,3,11,1,19,1,1,5,1,8,2,8,5,18,15,6,22,1,24,1,5,16,3,6,22,15,5,0,2,5,1,1,16,3,0,3,2,0,6,1,2,6,3,0,5,1,0,0,4,0
84,5,12,3,1,9,4,4,0,15,0,0,10,16,9,6,11,15,4,4,0,14,22,4,8,2,14,8,8,27,5,1,35,8,1,3,5,27,1,0,6,23,4,46,4,4,0,4,3,11,5,3,23,1,1,1,7,11,2,1,9,9,24,2,14,0,22,7,2,13,0,5,3,29,24,21,4,5,4,5,10,31,40,17,5,4,19,2,9,28,4,15,3,8,15,0,0,7,5,0,2,4,1,18,0,0,6,9,6,6,0,0,4,14,10,9,15,6,12,2,4,3,10,2,2,0,5,0,20,6,3,7,7,2,1,2,1,0,34,4,9,38,0,8,6,9,13,3,5,2,1,20,0,2,0,0,2,6,11,7,34,4,19,17,5,11,1,13,22,4,0,21,3,0,0,2,5,5,0,11,2,1,4,2,2,7,0,1,13,14,1,3,0,1,0,1,0
85,16,2,1,1,15,8,0,0,35,1,0,11,4,18,1,18,13,5,5,0,5,14,1,49,1,6,8,11,10,9,1,60,5,5,4,1,3,1,0,0,15,14,5,2,1,2,1,7,5,12,2,20,0,6,1,3,26,1,0,2,1,15,39,24,0,6,14,21,4,1,4,7,4,8,1,0,0,0,1,7,10,18,169,2,11,4,15,24,4,1,6,2,2,58,0,0,8,5,9,20,5,0,0,0,0,7,11,2,2,9,0,4,37,0,0,8,6,24,7,30,6,16,2,10,0,3,0,1,1,3,23,5,14,1,1,1,1,7,8,7,26,1,1,0,3,4,1,0,1,0,33,6,6,3,4,7,7,15,3,11,1,43,9,7,2,0,16,20,2,1,11,0,1,0,2,3,24,0,3,0,1,2,1,1,3,5,1,4,11,7,0,0,1,0,1,0
86,4,4,0,0,3,5,2,0,8,0,0,2,25,1,8,6,17,0,3,7,0,0,6,1,1,1,62,6,1,0,1,5,2,0,4,1,1,2,9,1,9,2,0,13,3,1,12,1,1,9,0,3,2,0,6,1,5,4,4,0,0,4,6,3,0,6,1,4,1,5,3,6,10,22,13,0,4,6,5,7,6,7,0,72,8,21,1,2,22,7,54,4,1,10,0,0,6,1,2,0,4,10,14,11,1,0,8,2,12,0,0,0,4,5,37,1,5,2,1,1,0,0,4,0,0,1,0,5,6,0,19,0,3,0,6,14,3,19,1,7,18,2,20,6,8,2,1,12,0,2,0,9,0,7,0,1,0,3,8,28,3,5,1,10,10,0,2,2,1,10,2,1,0,0,4,5,2,0,12,2,1,3,2,0,0,0,3,0,0,0,6,3,1,0,8,0
87,2,1,1,7,3,3,0,0,5,0,0,0,4,4,2,8,3,1,4,4,1,0,5,10,0,2,35,74,0,19,1,5,2,0,0,3,2,0,14,1,1,3,1,0,3,0,19,0,0,2,2,9,0,3,0,4,3,1,1,0,4,2,5,2,0,1,0,8,0,1,3,45,2,17,8,0,6,39,8,13,6,6,0,15,110,2,2,3,20,3,8,2,1,5,0,0,5,4,7,0,8,0,5,1,0,9,5,0,5,1,0,0,3,0,1,1,6,27,3,5,2,8,0,0,0,10,0,4,2,1,25,4,10,3,3,20,8,21,7,3,1,2,3,0,9,2,0,0,1,0,1,4,7,43,2,5,1,6,1,4,0,3,2,34,12,2,0,1,3,2,2,1,0,0,27,10,0,0,1,0,14,9,6,5,0,1,0,0,0,6,0,0,3,0,10,0
88,2,2,1,0,2,2,1,0,4,2,0,8,23,2,7,8,8,3,4,0,1,2,14,1,0,8,14,14,1,1,0,22,2,0,8,1,3,0,3,2,5,0,2,5,1,0,3,0,0,5,2,0,3,0,4,0,2,1,10,0,1,3,25,1,0,4,1,0,3,3,1,3,28,12,13,0,7,1,0,4,5,30,3,13,5,68,0,1,21,5,28,2,1,7,0,0,1,1,0,1,4,0,13,3,0,2,1,1,3,0,0,0,3,3,13,3,11,6,3,2,3,0,0,0,0,0,0,4,0,0,9,0,4,1,1,0,1,27,1,2,6,0,11,3,6,5,0,1,1,0,0,3,1,6,0,2,0,5,10,18,0,4,3,9,18,0,2,4,1,3,7,2,0,0,1,1,3,0,9,2,1,14,0,0,1,0,0,1,0,1,2,0,0,0,0,0
89,58,14,2,4,26,1,0,0,58,2,0,11,2,25,1,4,3,1,5,0,6,6,2,12,3,8,7,2,26,2,1,33,3,17,0,5,2,0,0,1,9,25,6,0,0,2,0,9,0,1,1,16,5,4,1,7,42,1,0,0,4,17,6,26,0,15,2,7,2,0,2,7,0,5,1,3,0,1,0,7,3,7,19,1,2,1,75,22,0,0,1,1,0,5,0,0,3,2,0,18,1,0,1,0,0,5,8,0,0,6,0,6,36,0,10,21,1,8,4,13,28,4,4,1,2,5,1,3,0,3,5,1,7,0,0,0,0,5,9,4,2,1,10,0,2,1,2,1,0,2,4,1,22,2,0,0,27,5,2,5,0,15,12,2,2,1,8,1,8,0,7,0,0,2,0,0,29,2,0,0,1,2,0,0,3,2,8,1,22,2,0,0,0,0,1,0
90,44,11,0,0,15,1,0,0,58,1,0,14,1,22,3,7,0,6,8,1,9,2,1,13,0,4,1,4,23,2,3,49,0,2,4,0,5,1,0,2,29,26,7,3,0,1,0,22,10,4,1,2,4,8,0,3,18,0,2,1,4,30,4,26,0,2,4,6,4,2,0,4,1,6,2,7,0,0,0,6,7,8,59,1,1,1,19,91,1,1,1,1,1,5,0,0,4,6,0,39,6,1,0,0,0,1,1,3,1,4,0,2,21,0,3,10,0,11,4,11,21,5,0,0,1,0,3,5,1,4,6,3,2,0,0,2,4,12,8,1,12,0,0,1,8,0,2,1,0,0,16,0,25,0,0,2,23,8,1,34,0,11,4,5,1,0,15,4,0,2,7,0,0,2,0,10,12,0,4,1,0,2,0,1,6,9,0,2,37,1,0,0,1,0,0,0
91,0,1,8,1,3,11,4,0,2,14,0,4,18,6,7,5,22,3,0,6,8,13,4,2,0,4,13,9,7,4,0,16,0,1,3,0,1,2,1,2,33,2,0,16,5,1,10,0,3,3,1,1,0,0,0,1,3,3,2,2,0,1,1,9,0,11,1,1,2,3,6,2,15,30,22,0,1,8,22,4,12,22,3,14,6,8,0,1,97,2,18,0,6,17,0,0,1,0,0,0,0,0,29,14,1,3,1,13,11,1,0,1,3,4,20,1,16,4,0,0,0,0,4,1,3,2,0,16,3,0,18,6,5,2,15,4,12,31,1,4,2,0,20,4,4,8,1,4,2,5,2,1,0,6,0,0,2,4,10,9,7,1,8,1,9,0,21,28,13,2,9,11,1,0,5,5,3,1,14,3,6,11,1,1,4,0,1,1,1,0,3,0,2,1,4,0
92,0,1,0,0,1,3,0,0,3,0,0,0,3,0,0,4,0,0,0,11,0,0,1,0,0,0,10,5,0,2,1,3,5,0,2,0,0,1,6,0,11,0,0,2,0,0,7,1,0,3,0,4,0,0,0,0,1,0,0,0,1,2,0,2,0,2,0,0,0,9,6,0,13,5,8,0,1,1,1,2,11,1,0,9,5,4,0,0,2,50,6,0,6,2,0,0,0,0,0,0,0,7,4,13,0,0,1,4,3,1,0,0,1,1,3,0,3,0,2,1,0,0,13,0,0,0,0,1,0,0,18,0,3,0,6,15,4,3,2,4,0,0,11,0,5,1,1,0,0,13,3,9,0,3,0,0,0,1,2,15,0,1,0,8,2,0,0,2,2,2,0,0,1,0,9,1,0,0,0,7,5,0,1,0,0,0,0,1,0,1,1,0,0,5,2,0
93,2,3,6,1,4,9,5,0,5,2,0,10,9,2,8,32,12,1,1,5,0,3,3,3,2,10,54,16,20,2,0,25,2,3,9,2,10,8,5,12,10,1,9,18,2,0,9,1,1,3,0,5,2,0,2,1,2,1,1,0,0,2,3,5,0,8,5,6,8,8,3,17,39,24,44,0,5,12,5,5,14,15,6,53,6,11,0,0,11,7,119,2,4,26,0,0,1,1,0,2,2,4,41,13,0,0,8,3,6,1,0,1,2,14,15,4,5,5,2,2,0,0,1,0,1,2,1,4,4,1,8,0,0,0,6,5,11,15,1,1,19,1,52,5,5,6,14,6,9,12,8,2,2,27,3,0,0,11,8,34,6,2,2,7,22,2,2,20,10,12,9,7,6,1,2,6,2,0,7,6,3,8,1,1,0,0,2,4,0,1,5,2,1,0,7,0
94,1,1,0,0,6,1,0,0,4,2,0,1,0,12,1,5,3,0,28,1,1,1,0,5,0,0,1,7,1,9,0,1,0,0,0,0,0,0,3,1,0,7,1,0,3,0,2,2,0,0,0,4,0,1,0,10,3,0,0,0,0,0,5,5,0,1,0,5,2,3,0,10,0,7,1,3,0,3,0,3,2,0,0,0,8,1,1,0,2,0,0,75,0,4,0,0,3,6,9,0,40,0,0,0,0,1,0,0,0,6,0,0,0,0,0,1,1,9,2,8,4,5,0,19,0,24,0,1,3,5,2,0,15,0,0,1,2,2,3,0,2,2,1,1,0,2,0,0,0,0,0,2,1,2,7,36,1,8,0,1,0,1,1,0,0,0,0,2,1,0,0,0,0,1,0,2,0,1,0,0,0,2,3,0,0,1,0,0,1,0,0,0,0,1,0,0
95,2,12,4,14,2,1,2,0,2,3,0,3,6,3,15,1,14,4,1,0,6,19,4,1,7,16,4,1,7,2,5,7,16,7,11,5,8,3,2,6,14,1,11,10,15,7,0,0,6,0,9,1,12,0,3,0,0,36,11,15,20,2,3,0,0,16,2,3,4,10,4,2,2,20,1,1,7,1,14,1,14,15,1,2,2,1,0,1,4,1,1,1,67,3,0,0,2,2,0,2,3,0,4,1,0,1,2,13,11,0,0,3,3,6,3,0,0,1,2,0,0,3,4,0,2,0,4,16,21,0,2,47,1,2,2,1,0,7,2,0,5,0,1,9,12,7,8,7,0,1,4,0,1,1,0,0,0,0,1,6,3,7,0,5,5,0,2,5,11,0,9,8,0,0,1,0,3,0,9,1,1,1,0,1,4,0,2,4,0,3,2,0,0,0,0,0
96,7,1,0,1,11,0,0,0,27,1,0,11,13,13,1,22,14,0,9,0,4,4,6,10,2,9,12,25,8,18,4,44,4,1,1,1,6,0,3,2,25,6,11,6,0,1,6,3,5,16,1,19,0,21,1,4,17,1,2,1,1,11,8,27,0,6,7,12,6,1,3,16,13,29,7,2,0,4,4,19,13,12,41,10,8,10,1,9,9,3,27,2,2,99,0,0,5,6,5,5,6,0,5,0,0,5,34,12,5,5,0,1,30,0,6,1,8,59,6,28,3,7,2,0,0,14,4,1,5,1,22,2,23,1,1,5,7,16,19,14,26,5,8,1,7,8,3,0,0,1,36,3,10,4,2,1,4,62,16,19,0,32,2,5,6,4,23,11,1,0,15,4,1,2,0,4,8,2,7,0,4,5,1,2,3,1,1,0,20,11,4,2,3,1,6,0
97,0,0,0,0,0,0,0,0,0,0,0,0,0,0,0,0,0,0,0,0,0,0,0,0,0,0,0,0,0,0,0,0,0,0,0,0,0,0,0,0,0,0,0,0,0,0,0,0,0,0,0,0,0,0,0,0,0,0,0,0,0,0,0,0,0,0,0,0,0,0,0,0,0,0,0,0,0,0,0,0,0,0,0,0,0,0,0,0,0,0,0,0,0,0,0,0,0,0,0,0,0,0,0,0,0,0,0,0,0,0,0,0,0,0,0,0,0,0,0,0,0,0,0,0,0,0,0,0,0,0,0,0,0,0,0,0,0,0,0,0,0,0,0,0,0,0,0,0,0,0,0,0,0,0,0,0,0,0,0,0,0,0,0,0,0,0,0,0,0,0,0,0,0,0,0,0,0,0,0,0,0,0,0,0,0,0,0,0,0,0,0,0,0,0,0,0
98,0,0,0,0,0,0,0,0,0,0,0,0,0,0,0,0,0,0,0,0,0,0,0,0,0,0,0,0,0,0,0,0,0,0,0,0,0,0,0,0,0,0,0,0,0,0,0,0,0,0,0,0,0,0,0,0,0,0,0,0,0,0,0,0,0,0,0,0,0,0,0,0,0,0,0,0,0,0,0,0,0,0,0,0,0,0,0,0,0,0,0,0,0,0,0,0,0,0,0,0,0,0,0,0,0,0,0,0,0,0,0,0,0,0,0,0,0,0,0,0,0,0,0,0,0,0,0,0,0,0,0,0,0,0,0,0,0,0,0,0,0,0,0,0,0,0,0,0,0,0,0,0,0,0,0,0,0,0,0,0,0,0,0,0,0,0,0,0,0,0,0,0,0,0,0,0,0,0,0,0,0,0,0,0,0,0,0,0,0,0,0,0,0,0,0,0
99,3,0,1,0,14,1,1,0,5,1,0,1,4,11,1,5,0,1,15,2,1,1,0,7,0,1,4,10,1,28,1,3,1,1,0,2,1,0,0,0,2,5,1,1,0,0,0,0,1,2,0,16,0,12,0,4,7,0,1,0,0,0,11,12,0,2,2,10,1,1,1,12,5,3,0,0,0,4,0,12,5,15,11,4,5,0,6,1,4,0,1,5,1,4,0,0,74,48,10,2,11,1,0,0,0,35,7,1,3,21,0,1,3,0,1,1,2,30,12,11,7,9,0,1,0,5,1,0,0,5,6,0,12,0,1,0,0,2,10,5,4,7,1,0,3,0,1,0,0,0,4,0,2,1,29,11,5,35,1,1,1,5,2,2,1,0,3,6,0,0,1,3,0,0,2,2,15,5,0,0,1,0,6,1,0,14,0,1,3,5,2,0,3,0,1,0
100,6,0,0,1,22,0,0,0,6,0,0,2,4,41,1,5,3,0,10,0,0,0,0,5,0,2,2,26,1,13,0,5,3,0,0,0,0,0,0,4,6,11,2,0,0,0,0,1,1,0,0,15,0,21,0,4,13,0,2,2,1,4,14,11,0,1,1,12,1,0,0,18,4,0,1,0,0,2,1,8,2,3,5,2,6,2,3,1,0,0,0,10,0,2,0,0,42,75,9,5,10,0,0,2,0,9,3,0,3,39,0,0,3,0,0,1,0,35,6,13,5,24,0,1,0,19,0,1,8,13,2,0,35,0,7,0,0,0,10,0,2,6,1,0,6,0,0,0,0,0,4,0,3,2,16,8,12,8,3,4,0,7,2,8,2,0,10,1,0,0,0,0,0,2,3,2,3,5,0,0,0,0,3,5,0,4,0,1,10,10,0,0,2,0,7,0
101,7,0,0,3,15,0,0,0,4,0,0,1,1,11,0,1,0,0,3,1,1,2,0,5,0,2,1,7,1,3,0,1,0,0,0,0,0,0,0,0,3,2,0,0,0,0,0,1,0,0,0,1,1,7,0,19,4,0,0,1,1,1,19,5,0,0,1,12,0,0,3,7,0,2,0,0,0,3,0,2,0,0,4,0,1,0,0,1,3,0,0,20,0,5,0,0,14,12,54,0,10,2,0,0,0,8,4,1,1,2,0,0,2,0,0,1,1,16,1,3,1,1,0,4,0,7,0,3,0,6,5,0,10,0,0,2,4,1,6,0,0,5,1,0,1,0,1,1,0,0,0,0,2,0,3,10,2,9,0,2,0,1,1,7,0,0,3,0,0,1,0,1,0,2,0,0,2,7,0,1,0,0,0,0,0,3,0,0,3,2,1,0,0,0,1,0
103,58,10,1,0,43,2,4,0,32,0,0,19,1,40,1,2,1,4,8,4,4,2,1,7,2,8,2,0,23,2,0,21,3,3,6,1,1,1,0,4,15,18,3,0,1,1,0,13,4,4,1,4,9,2,0,14,33,0,1,1,1,19,27,19,0,7,0,1,3,0,0,0,6,9,2,5,0,3,0,3,5,3,18,0,0,1,32,46,1,1,0,2,2,9,0,0,0,1,0,42,6,0,0,0,0,4,4,2,1,5,0,11,19,0,1,12,0,2,7,4,8,1,0,0,1,1,0,3,1,3,4,0,7,0,0,0,0,0,0,4,2,2,0,1,0,0,0,1,1,0,8,0,24,0,6,9,63,2,5,3,1,3,9,5,2,0,3,2,1,1,1,0,1,8,0,0,10,0,0,0,0,2,0,0,5,0,0,1,8,0,0,0,2,0,0,0
104,5,0,3,1,2,0,0,0,3,1,0,1,3,25,1,12,2,0,17,8,1,3,1,1,1,2,7,14,2,15,1,2,0,0,0,1,4,0,4,0,2,3,1,0,0,1,1,3,0,0,0,10,0,0,0,6,10,4,0,2,2,3,0,7,0,0,0,5,0,0,2,13,6,2,3,0,0,2,0,8,5,0,1,2,8,0,2,1,0,0,2,58,1,9,0,0,9,13,20,1,127,0,2,0,0,2,1,1,2,4,0,0,2,0,1,0,1,13,2,3,0,1,0,46,0,7,1,2,4,5,7,0,27,0,0,1,1,9,2,7,3,5,4,1,1,1,0,2,0,0,4,11,2,8,24,5,2,11,0,6,0,1,3,7,13,0,0,1,1,8,0,0,0,0,1,1,0,2,1,0,0,0,1,4,0,3,1,0,1,4,0,0,0,0,0,0
105,1,1,0,0,0,6,0,0,0,0,0,0,2,0,0,9,4,0,0,16,0,4,1,0,0,1,2,3,0,2,0,1,0,0,0,0,2,0,33,0,1,0,1,1,0,0,2,0,0,0,0,0,0,2,0,0,0,0,0,0,0,0,1,0,0,0,2,0,0,0,2,0,12,1,0,0,0,1,2,0,0,0,0,5,4,0,0,0,3,10,6,0,0,0,0,0,0,0,0,0,4,45,0,14,0,0,0,0,0,0,0,0,0,0,2,0,0,1,1,0,0,0,1,0,0,1,0,0,0,0,9,0,3,0,4,6,7,1,0,1,1,0,0,0,1,0,0,0,1,1,2,6,0,2,1,0,0,1,0,3,0,0,0,5,0,0,0,9,5,0,1,0,5,0,0,0,0,0,4,11,0,0,0,0,0,0,0,0,0,0,1,0,0,1,0,0
106,3,1,3,5,0,1,4,0,6,7,0,4,20,0,9,7,21,2,1,3,3,0,10,1,4,3,20,2,1,2,2,22,0,0,0,1,3,0,1,5,29,1,5,8,0,0,22,2,1,3,1,10,1,1,1,1,2,0,2,0,1,2,2,4,0,13,0,4,1,9,2,2,21,59,25,0,1,0,2,10,9,14,1,25,8,6,1,0,13,1,36,0,2,12,0,0,1,0,0,1,1,1,85,10,1,2,5,10,6,0,0,7,2,7,23,2,12,6,0,2,1,0,1,0,0,1,0,6,0,1,20,4,0,1,3,4,6,16,4,2,3,0,12,3,5,9,6,2,1,1,2,1,0,3,3,2,1,4,7,11,1,9,4,5,16,2,1,11,3,7,2,4,0,0,1,1,1,0,9,1,7,9,3,0,15,0,2,0,3,0,1,0,7,0,2,0
107,2,0,1,0,0,3,1,0,3,0,0,0,7,2,0,0,7,0,0,9,0,1,1,2,0,1,17,1,0,0,0,5,1,0,0,0,2,0,16,1,3,0,1,1,1,0,3,0,0,0,0,0,0,0,0,0,1,0,0,0,0,0,7,0,0,4,0,0,0,0,5,1,10,11,2,0,7,0,1,2,12,1,0,12,0,1,0,1,12,13,14,0,0,0,0,0,0,0,0,0,0,14,11,70,0,0,0,1,1,0,0,0,5,1,3,0,0,0,0,0,0,0,1,0,0,0,0,2,0,0,4,0,0,1,21,3,4,2,0,2,2,0,7,8,11,2,3,0,0,1,1,9,0,1,0,0,0,0,2,4,8,0,0,9,2,0,1,0,4,1,0,1,3,0,0,1,0,0,12,17,2,0,0,1,0,0,0,4,0,0,5,0,3,2,1,0
108,3,4,6,9,1,13,0,0,0,5,0,0,1,1,2,4,8,0,0,0,0,0,1,0,12,1,2,1,1,0,1,1,0,0,1,0,1,3,0,2,1,0,0,5,0,3,0,0,1,0,0,1,1,0,3,0,1,0,3,0,0,0,0,0,0,0,0,1,0,1,6,0,1,1,2,2,3,0,5,0,0,0,1,1,4,0,1,0,0,0,1,0,1,1,0,0,0,0,0,0,0,0,0,0,34,0,0,9,0,0,0,2,1,1,0,0,0,0,0,0,0,0,15,0,1,0,3,9,0,0,1,0,1,8,1,0,0,2,0,0,3,0,1,2,8,0,17,0,8,9,0,1,0,0,0,0,1,0,0,6,3,0,0,0,4,0,0,1,11,7,0,6,3,0,0,1,0,0,0,1,0,0,0,0,0,0,1,0,0,0,2,4,0,0,0,0
109,1,0,1,0,6,1,0,0,16,0,0,1,1,16,0,3,0,2,10,0,1,10,1,17,3,2,3,20,3,34,0,14,0,0,0,6,1,0,1,6,2,3,2,2,0,0,1,0,2,1,0,12,0,11,0,5,5,0,0,0,1,2,38,17,0,0,0,12,0,0,0,9,0,5,5,1,0,6,0,9,1,2,6,1,10,5,1,1,1,0,1,6,1,3,0,0,19,14,4,2,6,1,0,0,0,61,3,0,0,24,0,0,3,0,5,1,14,30,11,21,11,15,0,0,0,41,0,1,0,6,6,1,10,0,2,0,0,4,8,3,6,2,1,0,2,2,3,0,1,0,3,0,2,2,16,8,6,31,0,11,0,11,3,10,0,0,3,1,0,0,1,0,0,0,3,3,12,5,0,0,3,0,3,3,0,7,3,0,9,7,0,0,0,0,0,0
110,3,1,1,1,4,0,1,0,22,0,0,2,3,8,2,17,5,1,3,0,6,1,0,20,1,4,19,11,11,17,0,21,0,0,0,0,4,0,0,6,5,2,3,5,0,0,1,5,1,4,0,10,0,10,0,5,23,1,1,0,0,13,12,25,0,3,4,8,1,0,3,5,4,9,6,0,0,6,0,9,1,6,6,4,6,6,10,4,5,0,8,3,3,19,0,0,9,2,2,4,3,0,0,0,0,3,44,1,1,9,0,0,10,0,6,1,0,23,2,9,2,2,0,0,1,9,0,4,2,1,32,1,12,1,0,5,8,11,21,15,12,4,5,1,3,1,0,1,0,0,7,1,3,4,1,1,2,19,2,9,0,18,3,9,5,2,17,9,1,0,4,2,0,1,6,0,22,2,1,1,2,12,3,1,0,3,1,1,4,2,3,0,4,0,3,0
111,19,36,39,98,8,29,16,0,3,40,0,11,4,1,34,0,26,10,2,0,7,14,15,4,163,10,2,3,3,1,59,11,12,29,28,20,8,39,1,25,11,3,13,9,11,81,0,0,4,3,5,10,49,0,5,3,2,45,31,5,12,10,1,1,0,12,0,3,9,10,21,1,8,18,2,4,167,3,11,12,6,5,1,0,3,0,3,1,1,1,4,1,27,6,0,0,1,0,0,0,2,1,16,0,11,1,2,351,7,0,0,2,4,9,3,11,0,0,1,2,0,0,5,0,11,0,10,129,26,0,2,22,3,4,0,0,4,9,0,0,3,1,4,7,25,6,133,133,30,15,7,1,1,1,0,2,7,4,3,4,41,4,7,2,3,0,3,3,9,1,5,11,8,0,0,2,1,0,4,2,0,5,0,2,3,0,7,5,2,1,2,3,1,0,0,0
112,6,8,13,1,0,4,14,0,2,1,0,7,11,1,16,2,28,10,1,0,2,11,22,0,6,10,4,3,10,1,6,8,20,2,9,4,4,23,4,13,18,3,4,8,10,5,1,1,7,0,3,1,3,0,10,3,2,7,11,1,8,1,0,1,0,9,1,2,10,10,12,0,9,5,2,2,16,3,13,1,10,1,0,13,3,3,2,3,15,0,4,0,15,1,0,0,1,0,0,4,1,3,5,4,0,1,0,4,53,0,0,1,1,6,1,3,2,1,0,0,0,0,6,0,1,2,6,12,16,0,3,11,2,1,2,2,3,16,1,0,3,2,5,9,25,7,15,12,6,0,1,9,1,5,0,0,1,0,1,8,8,1,2,4,12,2,3,2,11,2,12,10,0,0,0,3,0,0,10,0,2,2,0,0,2,0,5,1,1,1,0,0,0,0,1,0
113,10,3,0,0,36,1,1,0,37,0,0,2,5,37,0,21,2,0,30,0,1,0,2,17,2,4,2,11,3,18,0,8,0,5,1,0,1,0,0,0,8,30,0,0,0,0,0,5,0,1,1,12,0,11,0,33,29,0,5,0,3,10,13,16,0,3,1,21,0,0,0,9,3,3,0,0,0,2,4,5,1,5,9,0,0,1,3,5,0,0,0,3,3,6,0,0,22,27,5,2,2,0,0,0,0,9,6,0,0,56,0,3,5,1,6,2,3,30,5,16,23,39,0,1,0,13,1,0,0,13,0,0,32,0,0,0,0,10,17,4,8,7,0,0,0,1,2,0,0,0,1,0,8,2,9,9,35,13,0,4,2,1,7,5,2,0,7,1,0,0,3,1,0,2,1,1,11,8,3,0,1,0,1,1,0,4,0,0,9,5,0,0,1,0,0,0
114,1,2,0,1,0,0,0,0,1,0,0,1,0,0,0,0,0,0,0,0,0,0,0,0,0,0,0,0,1,0,1,0,0,0,0,0,0,0,0,0,0,0,0,0,0,2,0,0,0,0,0,0,0,0,0,0,0,1,1,0,0,0,0,0,0,0,0,0,0,0,0,0,0,0,0,0,0,0,0,0,0,0,0,0,0,0,0,1,0,0,0,0,0,0,0,0,0,0,0,0,0,0,0,0,0,0,0,0,0,0,0,0,0,0,0,0,0,0,0,0,0,0,0,0,0,0,0,1,0,0,0,0,0,0,0,0,0,0,0,0,0,0,0,0,0,0,0,0,0,0,0,0,0,0,0,0,1,0,0,1,0,0,1,0,0,0,0,0,0,0,0,0,0,0,0,0,0,0,0,0,0,0,0,0,0,0,0,0,0,0,0,0,0,0,0,0
115,22,9,1,1,5,0,0,0,7,1,0,13,2,16,3,3,4,6,3,0,13,8,3,2,8,6,1,3,22,1,0,19,2,2,1,0,3,1,0,3,8,9,3,4,1,3,0,7,0,0,3,2,1,4,0,5,9,0,6,1,2,14,2,4,0,7,1,1,10,5,0,1,1,4,0,5,1,1,1,2,7,10,4,0,1,2,9,11,0,0,4,1,1,4,0,0,1,1,0,13,0,0,3,0,1,0,0,3,0,0,0,61,12,1,2,12,0,2,2,1,9,1,1,0,0,2,5,6,1,0,3,2,6,0,0,0,0,6,9,0,5,0,0,0,2,5,0,5,0,0,6,0,19,0,0,1,10,6,2,2,1,0,15,3,0,0,4,3,0,2,7,0,0,1,0,0,2,1,1,0,0,0,0,0,5,2,0,3,8,1,0,0,0,0,0,0
116,31,7,1,5,12,1,3,0,67,1,0,46,17,27,13,8,15,19,9,0,10,2,2,11,5,14,5,12,30,3,0,41,3,5,3,5,10,0,0,4,17,20,13,2,0,1,1,9,1,5,2,34,1,6,3,14,18,4,2,2,2,20,19,20,0,2,11,9,1,0,0,6,14,10,2,6,0,1,1,2,6,15,25,9,7,4,39,31,0,0,1,2,3,21,0,0,2,1,4,14,1,0,6,5,0,8,11,3,2,8,0,12,71,2,6,16,0,14,4,21,19,8,2,0,0,2,0,15,4,0,9,5,5,0,1,0,0,9,7,4,25,1,1,1,6,0,1,1,0,1,32,0,18,1,1,8,8,12,2,40,0,29,38,5,0,2,43,12,1,0,25,1,0,3,1,0,15,3,2,0,1,1,5,1,9,14,6,8,17,3,0,0,0,0,1,0
117,6,4,8,3,1,15,1,0,1,15,0,4,8,0,30,3,44,4,0,2,1,7,8,1,2,5,10,4,0,0,4,6,1,2,9,2,3,9,3,9,5,0,2,13,9,4,0,0,0,0,1,1,3,0,0,0,2,1,2,12,0,1,0,1,0,18,0,0,7,27,13,0,8,11,10,0,4,3,4,2,14,8,1,15,3,13,0,0,4,0,8,0,4,2,0,0,0,2,0,0,2,0,10,2,4,0,1,11,3,1,0,0,1,60,7,0,2,1,1,0,0,0,7,0,5,0,0,2,2,0,2,8,0,4,1,0,3,14,0,1,0,0,5,19,23,6,29,8,3,4,2,1,1,2,0,0,2,0,2,0,11,1,1,1,8,0,0,0,18,18,3,6,9,0,1,1,1,0,8,2,0,1,0,0,0,0,13,0,0,0,0,1,1,0,1,0
118,5,0,3,0,2,1,2,0,4,1,0,1,30,2,6,4,15,0,3,9,0,6,6,0,1,3,26,4,2,4,2,9,1,1,10,1,4,0,0,2,6,0,1,9,0,1,1,2,0,4,0,7,1,3,0,2,7,1,0,1,0,2,1,5,0,8,1,1,2,5,4,5,9,10,6,0,2,4,5,3,3,18,3,22,6,7,6,5,36,6,22,0,0,6,0,0,2,0,0,0,4,3,14,4,1,0,4,2,9,1,0,0,6,11,69,3,10,12,2,4,1,0,2,0,0,0,0,1,0,0,15,0,3,0,2,6,1,13,3,2,13,0,12,2,8,9,0,3,1,0,4,2,0,3,1,0,0,4,5,36,0,4,0,2,15,0,1,17,1,0,3,1,2,0,1,15,0,0,18,2,1,4,1,0,1,0,0,1,1,0,5,0,7,0,4,0
119,40,16,0,0,15,0,1,0,31,1,0,25,10,19,5,7,1,6,6,1,14,6,5,2,7,5,4,5,36,0,1,42,2,13,4,0,5,2,3,0,14,15,8,1,0,4,0,19,6,3,1,1,0,2,0,2,20,4,1,5,0,16,2,15,0,3,2,1,4,0,2,1,3,3,2,6,0,0,2,4,9,2,14,2,2,1,8,15,2,0,9,3,0,4,0,0,0,0,0,23,1,4,0,2,0,1,4,4,1,3,0,7,15,1,1,95,0,5,1,5,14,2,0,0,0,1,1,11,5,3,3,4,3,1,1,0,1,3,2,0,11,0,1,0,3,1,5,0,0,2,7,0,16,0,0,0,16,5,4,16,0,6,16,1,2,0,13,3,2,0,13,0,0,5,0,0,6,2,5,1,1,2,0,0,3,12,2,3,9,3,0,0,0,0,0,0
120,1,0,1,2,6,2,1,0,3,5,0,0,10,1,7,11,8,1,1,7,1,10,6,1,0,2,8,8,0,4,0,8,2,4,2,0,2,7,8,2,7,1,0,3,1,2,2,0,1,2,0,3,1,1,0,1,2,1,0,0,0,1,2,1,0,2,0,0,0,0,1,2,15,17,6,0,3,4,3,15,8,13,3,3,10,8,0,0,19,8,5,0,2,16,0,0,3,1,0,0,0,0,4,1,0,13,7,0,2,1,0,0,3,0,12,0,51,5,1,7,0,0,1,0,0,1,0,1,16,0,10,0,0,0,0,7,1,9,2,3,11,1,15,1,2,5,1,1,0,0,0,2,0,7,0,0,1,4,2,12,2,2,3,13,6,5,6,2,0,3,2,0,2,0,1,3,1,2,9,2,1,3,1,1,0,0,10,0,7,2,3,0,1,0,3,0
121,1,0,4,3,31,2,2,0,15,1,0,0,10,25,1,23,3,2,9,0,0,3,3,22,1,7,7,50,6,23,0,11,5,0,2,4,2,0,7,1,12,5,4,2,6,0,1,7,4,11,0,43,1,21,1,6,7,1,14,0,2,2,33,19,0,5,3,16,1,3,5,21,4,12,2,3,2,7,1,17,17,20,18,2,23,2,1,6,3,1,3,7,3,53,0,0,44,32,14,8,15,0,4,0,0,57,12,1,3,19,0,0,9,0,9,1,13,111,9,12,5,9,0,0,0,23,2,2,1,24,38,0,24,6,0,8,2,7,10,18,7,5,12,1,5,6,3,0,1,0,21,5,8,2,17,7,5,134,4,7,0,14,0,36,0,2,15,6,1,0,4,0,0,3,4,4,9,11,4,0,5,2,3,4,0,2,4,0,1,7,0,0,6,0,2,0
122,13,0,0,0,13,1,0,0,31,0,0,1,1,13,0,8,3,1,4,0,2,1,2,18,0,7,5,5,9,4,0,9,0,2,0,0,1,0,2,0,6,9,2,0,2,0,0,3,0,9,0,43,0,22,0,9,21,0,2,0,1,3,46,10,0,1,1,7,0,0,0,5,1,6,4,4,0,1,0,18,4,0,11,2,0,2,4,7,0,3,4,0,0,10,0,0,14,3,3,4,4,0,1,0,0,5,6,0,1,9,0,8,10,0,2,4,2,16,57,21,4,12,0,0,0,9,0,1,0,6,5,2,4,0,0,0,1,1,11,1,5,2,1,1,0,1,1,0,0,0,6,1,1,0,4,12,3,48,0,3,0,10,4,5,1,1,3,2,1,0,3,0,0,3,1,1,13,9,3,0,0,2,0,2,0,11,0,0,6,4,0,0,3,0,0,0
123,19,10,1,1,37,0,0,0,32,0,0,7,1,34,3,6,0,0,7,0,3,3,1,11,0,5,0,9,5,11,0,19,0,2,0,0,4,1,0,3,3,20,3,3,2,1,0,11,0,7,1,25,1,50,0,39,50,0,1,4,0,6,28,24,0,1,1,15,7,0,2,2,1,4,2,0,0,2,0,13,7,1,25,1,3,2,12,11,1,0,1,8,1,6,0,0,15,19,6,5,1,0,2,0,0,12,4,1,7,36,0,2,13,0,0,3,2,12,15,78,17,16,0,1,1,25,1,3,0,11,5,3,23,0,0,1,0,7,31,4,1,5,10,0,2,1,0,1,0,1,7,0,6,0,3,24,23,4,2,2,2,16,2,5,1,2,5,3,0,0,8,1,0,11,0,0,9,12,0,0,0,0,2,0,3,41,1,1,22,5,0,0,1,0,0,0
124,30,16,0,1,28,0,0,0,38,0,0,9,1,69,1,9,1,1,11,0,9,0,4,22,1,2,2,8,13,3,0,8,3,3,0,3,0,3,0,0,4,32,0,2,0,0,1,19,2,1,0,13,0,17,0,6,16,0,1,4,0,12,24,14,0,18,1,11,0,1,0,3,2,1,3,2,1,1,3,6,5,6,16,0,2,0,37,14,0,0,0,2,0,5,0,0,8,6,4,10,0,0,0,0,0,8,1,5,0,17,0,11,19,1,0,3,2,4,12,11,64,10,0,1,0,7,1,2,0,7,4,1,5,0,0,0,0,9,4,3,2,2,0,0,0,1,0,0,0,0,9,1,31,2,1,6,43,3,2,0,0,12,11,2,2,0,13,2,0,0,2,0,0,3,2,2,8,8,1,1,0,4,0,0,9,9,1,2,10,2,0,0,0,0,1,0
125,15,4,0,0,15,0,0,0,15,0,0,3,1,46,1,4,10,2,26,0,1,8,0,16,0,3,0,3,7,7,0,8,0,1,1,0,1,0,0,2,8,9,4,3,0,0,0,2,0,2,0,22,1,24,0,12,10,0,0,0,5,1,15,4,0,6,3,16,1,0,0,8,6,3,1,0,1,0,2,3,4,1,6,0,0,0,3,8,0,0,0,5,7,0,0,0,7,29,1,4,3,1,0,0,1,8,2,1,1,25,0,2,4,0,1,0,1,5,6,13,10,80,0,0,0,4,0,0,0,11,10,0,5,0,0,0,0,2,13,1,0,9,1,0,2,0,0,1,0,0,8,0,5,0,17,14,30,6,8,0,1,5,2,5,0,0,3,2,1,0,1,0,0,2,0,0,9,14,1,0,0,1,2,0,0,4,2,0,5,0,1,0,0,1,0,0
126,1,5,12,8,2,92,3,0,2,3,0,0,2,3,11,1,15,0,3,1,9,3,2,1,3,4,5,5,1,0,2,4,7,4,0,1,8,1,10,3,5,2,0,13,2,4,0,0,0,0,0,0,4,0,1,0,6,4,10,0,3,2,3,0,0,0,1,0,0,9,39,0,0,2,3,4,1,0,4,4,3,1,0,0,1,0,0,1,5,10,4,0,2,1,0,0,5,1,0,0,2,1,4,2,3,0,0,6,25,0,0,2,0,3,2,2,0,1,1,1,0,0,119,0,1,0,1,17,3,0,0,3,0,2,6,0,1,7,0,1,1,0,2,10,3,2,6,6,8,26,2,4,0,1,0,0,2,1,1,1,10,1,0,2,1,0,3,2,22,20,2,2,29,1,0,0,0,0,1,1,0,1,0,0,2,0,3,0,0,2,8,2,0,0,0,0
127,2,0,0,0,3,0,2,0,1,0,0,0,0,3,0,0,0,0,10,0,0,0,1,0,0,0,1,1,1,3,0,0,0,0,0,0,0,0,0,0,0,3,0,0,0,0,0,0,0,0,0,4,0,4,0,1,0,0,0,0,0,0,0,0,0,0,0,1,0,0,0,6,0,5,0,3,0,1,0,1,0,0,6,0,1,0,0,0,0,0,0,22,0,0,0,0,1,0,5,0,23,0,0,0,0,0,1,0,0,0,0,0,0,0,1,0,0,2,0,0,2,0,0,32,0,6,1,0,1,6,1,0,9,0,0,0,0,0,0,0,0,1,0,0,0,0,0,0,0,0,0,0,0,1,2,2,0,1,0,0,0,0,1,0,0,0,0,0,1,0,0,0,0,1,0,0,0,1,0,0,0,0,0,0,0,0,0,0,0,0,0,0,0,0,0,0
128,3,7,1,2,5,8,1,0,0,9,0,0,0,2,0,0,3,0,0,1,4,5,0,0,8,1,1,4,2,0,3,0,1,0,0,0,0,0,0,1,1,2,0,1,3,2,1,3,2,1,1,0,2,0,3,0,0,1,0,0,1,2,1,0,0,3,0,0,1,1,3,0,3,0,0,2,8,1,5,0,1,2,1,0,3,0,0,1,1,0,3,0,1,0,0,0,1,0,0,0,2,0,0,0,0,0,0,19,1,0,1,0,0,6,0,2,1,1,0,0,1,1,1,0,11,0,4,16,1,0,0,1,2,5,0,0,0,1,1,0,0,0,0,0,6,0,11,4,5,6,0,0,1,1,0,0,0,0,1,0,7,0,0,1,0,0,0,1,1,0,2,0,1,0,0,3,0,0,0,0,0,0,0,0,1,0,2,0,0,0,0,3,0,0,0,0
129,4,0,0,0,24,1,3,0,13,0,0,0,0,12,1,15,1,1,10,1,0,2,1,16,2,0,7,22,4,27,2,7,1,0,0,0,0,3,2,7,8,7,1,1,0,0,0,0,2,0,0,26,0,7,1,5,9,1,0,1,3,2,20,7,0,1,2,7,0,0,1,20,2,5,0,1,0,4,2,27,2,4,3,0,18,1,3,1,1,0,5,18,1,9,0,0,12,24,7,1,8,0,1,0,0,40,5,2,1,5,0,1,5,2,0,2,2,20,9,10,5,6,0,0,0,36,0,1,2,13,8,0,21,2,1,0,0,3,14,5,6,3,0,0,3,0,1,0,0,0,6,6,1,1,9,11,12,35,8,2,0,4,0,11,3,1,4,9,0,2,1,6,0,4,1,6,4,1,0,0,1,3,1,7,1,7,0,0,1,5,0,0,1,0,0,0
130,47,22,6,13,9,5,2,0,7,5,0,5,2,13,8,1,11,1,3,1,5,7,5,3,32,4,2,1,5,4,6,2,15,16,8,0,8,15,0,4,6,4,1,4,10,8,0,7,6,0,2,2,16,0,6,8,4,20,9,4,36,4,2,0,0,8,0,0,5,2,0,0,5,2,2,4,3,2,2,0,5,8,0,0,0,0,7,6,2,0,0,0,4,1,0,0,1,0,2,10,0,0,1,0,2,0,1,21,2,3,0,3,4,3,0,4,0,0,0,2,3,0,2,1,4,1,6,14,33,0,3,3,1,3,0,0,0,4,1,0,0,0,3,3,4,3,5,4,2,3,0,0,4,0,0,0,9,1,0,2,5,1,1,1,1,0,1,1,5,1,7,4,1,4,0,0,2,1,2,0,0,0,1,1,9,1,0,2,0,0,0,0,0,0,0,0
131,257,45,37,91,39,28,14,0,36,65,0,41,3,54,54,5,41,17,15,1,50,47,10,13,70,21,6,6,34,12,43,50,52,55,31,8,45,66,1,22,28,20,33,10,27,47,0,30,27,1,7,3,54,4,21,31,14,69,50,25,130,22,3,8,0,28,1,2,19,13,8,2,3,10,9,13,13,3,36,2,20,29,4,5,5,1,28,31,3,2,9,0,21,4,0,0,2,0,0,18,2,0,6,4,8,0,3,100,17,12,1,13,20,0,0,36,1,5,0,7,17,6,5,3,9,1,23,91,89,0,22,21,4,19,1,0,0,36,7,2,8,0,1,12,12,4,26,22,9,23,5,4,14,1,3,2,28,3,4,23,56,4,28,9,17,0,8,4,20,4,18,8,15,9,0,1,3,2,11,0,0,0,1,0,47,5,2,19,13,0,2,2,0,0,1,0
132,8,16,17,16,1,7,9,0,3,8,0,6,2,2,21,2,10,15,0,0,17,15,13,1,16,9,2,0,1,0,14,2,10,16,11,6,18,30,2,9,6,1,9,7,16,15,1,0,12,0,20,1,36,0,24,0,2,21,67,11,29,0,0,3,0,9,0,2,7,2,2,1,3,7,8,1,27,2,34,0,13,5,0,3,4,0,0,1,1,0,6,0,9,2,0,0,0,0,0,0,0,0,5,1,3,0,0,83,12,1,0,1,1,7,2,1,2,2,0,0,0,0,2,0,4,0,3,40,31,0,2,28,0,27,2,0,0,14,0,1,2,0,1,8,28,1,18,13,4,6,0,1,4,0,0,0,1,2,2,0,14,5,2,3,9,0,1,0,3,5,6,3,4,0,0,0,1,0,4,0,0,2,0,1,1,0,12,2,1,2,1,1,0,0,1,0
133,2,1,0,0,14,0,0,0,7,0,0,3,4,67,1,3,1,0,12,0,0,1,0,10,0,3,0,1,3,4,0,1,0,0,0,0,0,0,0,0,5,3,1,0,1,0,0,1,0,0,0,11,1,13,0,8,4,0,0,0,0,9,5,6,0,2,1,9,0,0,0,6,1,1,0,0,0,0,0,5,0,0,1,0,1,0,7,5,0,0,0,6,2,2,0,0,6,10,6,1,2,0,0,0,0,4,1,0,0,20,0,1,0,0,0,3,0,20,6,25,8,10,0,3,0,15,1,0,0,41,2,0,9,0,0,1,0,0,19,1,1,5,0,0,1,0,0,0,0,0,2,1,2,1,4,25,6,2,0,0,0,3,2,6,0,0,3,4,0,0,1,0,0,0,0,0,6,8,0,0,0,0,3,0,0,2,0,0,5,3,0,0,2,0,0,0
134,2,11,1,0,11,1,1,0,52,0,0,6,26,19,3,45,7,1,1,9,10,5,10,19,0,8,81,60,8,10,2,32,0,2,1,2,7,1,7,0,12,8,4,5,0,0,7,0,0,9,1,37,1,4,0,6,10,0,2,0,0,4,10,24,0,4,1,6,3,2,5,35,20,29,13,0,5,21,6,21,13,13,21,10,23,11,14,3,14,8,14,1,0,27,0,0,2,2,0,8,3,8,13,1,4,11,18,4,1,0,0,1,15,2,21,4,9,16,3,1,4,6,0,0,0,5,0,7,2,2,137,1,5,1,1,26,12,25,11,51,13,0,38,2,10,4,7,1,1,6,8,11,4,6,7,2,2,32,10,32,2,7,1,47,9,4,7,5,4,2,2,2,7,2,10,13,19,0,7,2,3,3,3,0,0,3,0,1,8,5,1,2,10,0,12,0
135,19,18,4,11,1,1,6,0,8,6,0,23,6,4,31,1,5,14,2,1,9,23,9,6,10,8,1,4,14,1,24,36,22,8,24,12,14,23,0,16,7,5,7,6,12,14,1,5,5,0,1,4,11,1,2,1,4,23,9,22,8,9,4,8,0,11,4,5,6,11,10,2,2,4,1,10,12,2,2,1,6,3,4,0,1,1,2,4,1,1,3,0,16,3,0,0,0,0,1,2,1,0,0,0,0,1,0,21,13,1,0,6,12,18,2,2,0,2,3,5,3,1,0,0,0,0,6,43,17,0,1,55,1,0,0,0,0,14,2,0,4,0,0,2,4,3,6,11,1,2,1,0,5,0,0,1,4,0,0,3,0,5,4,5,4,0,3,1,1,2,21,8,0,1,0,1,3,0,4,0,2,0,0,0,5,1,4,11,1,0,0,0,0,0,0,0
136,2,1,1,0,33,1,1,0,9,0,0,0,3,18,0,7,0,0,9,2,0,4,2,36,0,0,2,56,2,119,1,6,1,0,0,0,3,1,2,1,1,12,1,3,1,2,1,0,1,1,0,7,1,16,1,10,11,1,1,1,2,0,9,5,0,3,0,15,1,0,1,51,5,2,1,1,1,6,1,24,9,0,13,2,18,2,4,6,3,0,6,7,0,7,0,0,10,38,14,7,18,0,1,0,0,14,2,2,5,34,0,1,3,0,18,0,1,25,6,14,10,5,1,2,0,24,0,0,3,8,14,0,84,1,1,1,0,3,12,8,7,5,1,0,3,0,0,0,0,2,6,2,6,4,35,11,4,12,4,5,0,7,1,38,2,2,26,2,1,0,0,5,0,0,3,3,4,8,2,0,2,0,8,7,0,2,0,2,10,2,0,0,1,0,1,0
137,1,4,54,26,0,17,1,0,4,9,0,0,2,2,5,1,10,1,0,0,2,4,5,3,27,2,1,4,0,0,26,3,3,4,7,1,3,9,0,16,2,1,4,3,5,8,0,1,2,1,0,0,12,0,1,0,0,3,42,0,1,2,0,0,0,6,0,0,3,7,6,1,0,5,0,1,10,0,5,2,6,1,0,0,1,0,0,0,3,0,1,0,2,1,0,0,0,1,0,0,0,0,0,2,3,0,0,23,3,0,0,0,2,6,2,0,0,2,0,0,2,0,9,0,7,0,2,51,10,0,6,0,0,30,0,0,1,12,0,0,1,0,0,11,8,1,24,7,0,2,2,1,0,2,0,0,0,1,1,5,9,0,2,0,3,1,0,1,7,4,0,2,7,0,0,0,0,0,3,0,1,2,0,0,1,0,1,0,2,0,1,1,2,0,1,0
138,0,1,0,0,0,4,0,0,0,0,0,0,1,0,1,2,2,0,0,8,0,1,4,10,0,0,1,4,1,2,0,4,0,4,1,2,2,2,6,0,3,0,0,5,0,0,0,0,4,3,0,0,1,2,0,0,1,0,0,0,0,0,0,0,0,1,0,0,2,3,6,1,0,4,1,0,0,0,0,1,1,1,0,7,6,5,0,0,9,9,5,0,2,0,0,0,0,1,1,0,0,8,1,14,0,0,1,1,3,0,0,0,1,0,2,0,0,1,0,0,0,0,8,0,0,0,0,2,0,0,1,0,0,1,49,3,1,7,0,1,0,0,1,0,3,1,0,0,0,5,2,4,0,0,0,0,3,0,1,1,0,0,0,4,9,0,1,3,7,0,0,0,3,0,1,0,0,0,19,10,2,0,0,1,0,0,0,4,0,0,6,2,0,0,0,0
139,5,0,0,0,1,11,1,0,1,0,0,0,11,2,3,2,2,0,1,12,0,1,4,6,0,3,33,5,0,1,0,5,0,0,1,0,0,0,34,0,2,0,0,3,0,1,8,0,0,3,0,1,0,2,1,0,2,0,0,1,1,1,11,24,0,1,1,0,0,3,1,1,1,2,3,0,1,7,0,0,15,2,0,5,9,5,0,1,0,9,6,0,0,4,0,0,1,0,0,0,3,8,1,9,0,0,5,0,11,1,0,0,1,0,2,0,4,6,1,0,1,0,0,0,0,5,0,0,0,0,29,2,2,0,6,59,15,1,2,9,0,0,6,0,3,8,1,1,2,0,10,21,0,8,0,0,2,3,2,4,6,0,0,24,3,0,4,0,0,0,1,1,0,0,4,2,7,0,5,7,6,2,2,0,0,0,0,0,1,1,3,0,0,0,2,0
140,7,0,0,0,1,0,5,0,3,0,0,0,14,6,2,3,0,0,1,7,0,0,0,1,0,1,14,6,0,1,0,11,0,0,0,0,2,1,14,0,3,5,0,1,0,0,17,0,0,0,0,1,0,0,7,2,5,0,0,0,0,0,0,2,0,0,0,0,0,6,7,0,1,0,1,0,1,3,1,4,1,0,0,0,8,1,0,0,6,3,9,1,0,3,0,0,0,1,0,0,1,7,4,2,0,3,8,0,4,0,0,1,0,0,1,0,2,2,0,0,0,0,2,0,0,5,0,0,1,0,22,0,1,0,4,17,40,3,0,5,0,0,3,6,9,0,0,0,2,3,20,32,1,8,1,0,2,3,0,4,2,9,0,6,2,0,1,0,2,0,0,0,1,0,2,8,1,0,9,6,4,2,1,0,0,1,0,1,0,2,1,0,0,1,4,0
141,13,15,8,9,6,9,5,0,6,2,0,16,25,5,38,15,33,4,2,5,12,13,47,3,12,55,27,10,7,3,11,28,6,1,19,13,15,21,0,8,28,1,12,18,13,13,1,0,17,42,1,6,5,4,7,5,3,3,5,4,1,15,4,10,0,19,1,3,4,28,13,1,40,44,33,3,14,8,1,6,42,27,20,29,11,36,4,5,21,6,38,0,13,21,0,0,1,0,0,4,1,3,14,5,3,3,7,13,11,10,0,5,9,11,10,6,10,4,1,2,9,4,6,0,1,3,3,34,12,0,2,10,2,9,8,1,2,114,4,5,8,0,11,9,20,24,14,10,4,11,13,8,4,8,1,0,1,4,20,23,8,6,7,10,29,2,4,18,6,2,18,10,7,0,2,9,11,0,47,8,0,5,1,2,0,10,11,8,2,3,7,0,2,1,4,0
142,2,2,0,1,27,1,0,0,19,0,0,3,2,31,0,12,2,2,31,1,2,2,0,19,1,1,7,14,6,9,0,22,0,1,1,0,1,1,1,0,20,4,1,0,0,1,2,9,4,2,0,10,0,15,1,8,14,0,6,0,0,3,28,32,0,0,1,20,4,0,0,10,3,9,0,0,1,3,3,11,3,4,9,0,5,1,4,3,2,1,1,2,0,13,0,0,12,12,8,0,2,0,4,0,0,13,24,2,0,15,0,2,4,0,2,2,4,13,3,40,12,15,0,2,0,7,0,1,0,15,10,0,24,0,3,1,3,6,39,4,4,9,0,2,1,1,2,0,2,0,5,1,4,2,10,28,7,17,5,6,0,15,5,6,2,0,3,0,0,0,1,0,1,2,1,0,6,6,2,1,1,0,1,2,2,3,1,1,14,5,0,0,4,0,2,0
143,6,1,0,0,7,1,1,0,16,0,0,7,13,5,0,18,4,0,4,1,6,1,2,18,0,8,20,25,0,7,0,10,0,0,1,0,3,1,4,2,11,1,8,8,0,0,2,1,1,11,0,16,0,3,0,3,23,0,1,0,0,2,8,23,0,3,2,0,1,2,1,6,7,23,2,0,1,1,1,10,2,9,10,1,6,4,11,6,3,1,9,2,0,6,0,0,7,4,2,4,1,1,2,0,0,2,14,1,1,1,0,0,8,2,4,1,6,9,5,8,6,3,0,0,0,7,0,1,1,7,39,0,3,0,2,4,3,4,6,59,2,0,4,1,2,2,2,0,0,1,18,0,5,5,3,1,4,5,12,14,2,13,1,14,4,0,0,4,1,0,3,1,1,0,1,4,26,1,2,0,1,1,2,0,0,0,0,0,3,9,1,1,9,0,4,0
144,2,2,3,2,3,3,0,0,5,0,0,3,14,9,12,10,3,1,1,0,0,4,2,13,1,11,8,17,11,12,1,22,2,0,2,0,1,3,5,2,12,14,11,12,0,0,1,2,2,6,0,18,0,4,0,3,4,0,2,4,2,12,13,32,0,3,7,6,2,1,4,11,8,20,6,3,1,3,3,6,7,38,23,14,4,10,3,8,7,1,18,2,1,24,0,0,2,2,0,3,4,1,3,3,0,3,5,3,2,4,0,1,32,0,7,9,20,22,2,1,9,2,1,0,0,15,3,12,0,0,10,5,1,0,0,0,0,11,3,3,74,0,5,1,0,2,2,0,0,0,46,3,2,3,7,5,2,20,8,13,3,56,5,7,9,0,40,19,0,1,6,0,2,3,2,0,7,1,3,0,1,1,0,0,2,1,0,5,8,3,6,0,1,1,3,0
145,2,0,0,0,6,0,1,0,2,0,0,2,0,27,0,0,0,0,7,0,2,0,0,11,1,0,1,0,0,3,0,0,0,1,0,0,0,0,0,0,0,1,1,0,0,0,0,4,0,0,0,1,1,2,0,19,4,0,0,0,0,0,7,3,0,0,0,7,0,0,0,2,3,2,0,0,0,0,0,2,0,0,1,0,1,0,2,0,0,0,0,4,1,1,0,0,10,9,2,1,8,0,0,0,0,3,1,0,2,4,0,2,1,0,0,2,2,0,1,8,1,8,0,0,0,2,0,0,0,7,1,0,5,0,0,0,0,2,6,2,1,18,0,0,1,0,0,0,0,0,0,0,2,0,10,23,1,1,0,0,1,1,0,3,0,0,0,2,0,0,2,0,0,0,0,2,0,16,0,0,0,0,2,0,0,1,0,0,1,1,0,0,1,0,0,0
146,0,0,1,1,3,10,0,0,23,1,0,0,7,0,4,10,17,1,1,5,2,1,5,3,0,1,55,11,1,3,2,3,3,0,2,0,13,1,10,1,3,1,0,4,0,1,3,0,2,5,0,4,0,0,4,1,7,0,1,0,0,1,2,9,0,2,0,2,3,8,5,8,15,27,8,0,2,18,1,20,27,10,1,32,13,10,11,4,15,6,67,0,1,12,0,0,0,1,0,1,8,0,14,9,2,0,2,2,3,3,0,0,1,10,6,0,9,4,0,4,1,1,3,0,0,1,1,1,6,0,30,0,1,0,1,3,9,1,0,6,2,0,59,6,6,5,4,1,0,1,1,8,0,12,0,3,1,17,2,8,4,3,0,4,7,1,7,4,4,2,2,0,1,0,6,12,5,4,12,5,5,3,1,3,0,0,1,0,1,2,3,1,4,1,7,0
147,0,1,6,4,1,26,6,0,1,10,0,12,6,4,15,3,17,2,0,3,3,8,8,0,3,3,1,1,2,0,2,10,1,1,3,0,9,3,1,4,3,0,1,17,1,1,4,1,2,0,4,1,0,0,2,3,1,3,1,7,0,4,0,0,0,8,1,0,4,2,26,1,2,17,2,2,5,0,5,2,17,7,1,4,0,0,2,0,1,9,6,1,19,4,0,0,0,1,1,1,3,0,2,6,4,0,0,9,6,1,0,2,2,14,2,12,1,1,0,2,0,0,19,0,0,5,0,8,9,0,0,6,0,19,1,3,13,9,1,0,1,0,9,28,17,1,52,12,4,5,2,4,0,2,0,0,2,2,1,1,12,0,1,6,3,0,1,0,48,12,5,6,13,0,0,0,2,0,1,0,0,0,0,1,4,0,7,1,4,2,6,7,0,0,1,0
148,2,7,2,2,2,47,12,0,1,21,0,16,4,4,40,6,30,11,0,6,7,11,12,1,5,8,10,2,2,3,1,11,5,5,7,8,4,9,2,24,12,0,2,27,3,3,5,1,4,2,5,1,3,0,3,2,0,7,1,4,21,7,0,1,0,13,0,0,4,3,75,0,7,18,4,3,7,2,13,2,19,6,0,22,3,3,2,1,14,7,16,1,14,4,0,0,1,5,1,2,4,5,1,21,7,1,2,18,19,0,0,0,2,24,4,4,3,6,0,0,0,0,25,0,0,2,2,28,9,0,6,11,1,9,1,3,4,14,0,1,1,0,2,31,46,10,53,23,15,11,4,3,1,6,0,3,2,5,0,7,30,1,3,1,16,0,1,4,72,14,13,6,21,1,1,2,3,0,6,1,2,1,1,1,3,0,5,0,1,2,0,6,0,0,1,0
149,1,2,5,2,1,6,6,0,4,3,0,5,5,3,14,2,8,0,0,0,3,6,7,0,1,11,5,6,4,1,1,2,6,1,5,2,4,6,3,4,6,0,3,9,2,1,2,1,3,3,2,3,0,1,8,1,1,3,9,2,3,1,0,0,0,2,0,0,4,4,7,1,5,4,4,0,13,0,8,1,8,3,0,11,0,1,0,1,11,1,15,1,8,0,0,0,2,0,0,0,1,0,5,1,2,0,3,8,11,0,0,1,1,11,2,0,3,2,0,0,2,0,2,0,0,0,1,6,3,0,2,3,1,1,1,1,2,6,5,0,2,0,13,5,18,33,12,1,3,1,2,2,0,3,0,0,0,3,1,1,3,0,2,1,8,0,3,2,0,4,4,4,2,0,1,0,0,0,23,2,2,2,1,0,5,1,2,0,3,0,0,1,0,0,0,0
150,12,12,63,64,5,62,1,0,5,34,0,3,4,1,19,2,98,2,2,2,2,7,10,6,67,18,12,4,0,0,22,5,12,8,6,14,4,14,1,16,10,4,5,27,5,24,0,0,0,0,7,1,23,2,11,5,0,12,51,7,16,4,3,3,0,9,2,0,10,8,20,1,6,9,4,2,62,2,36,1,10,7,0,2,0,5,1,1,4,0,9,0,12,0,0,0,0,0,0,1,5,1,7,1,13,1,0,118,15,1,0,0,3,26,1,2,2,0,0,4,0,1,15,0,13,3,8,82,10,0,5,5,3,27,2,0,0,17,1,4,3,0,2,55,33,8,337,26,58,19,2,0,5,0,0,0,0,3,5,5,52,0,1,2,46,0,1,1,9,4,3,3,14,0,0,1,1,1,11,3,2,1,3,0,1,0,12,0,1,0,1,6,1,0,2,0
151,3,20,67,59,2,14,1,0,2,9,0,1,1,0,7,2,15,1,0,1,2,5,13,3,34,3,0,0,0,0,8,0,2,20,3,0,1,5,1,5,8,1,2,10,12,5,0,2,3,0,0,0,7,0,10,0,0,10,27,0,4,1,2,1,0,5,1,5,0,5,7,1,2,2,0,2,28,0,3,0,5,4,1,4,1,2,1,2,5,0,6,0,12,2,0,0,1,0,0,2,1,0,3,3,8,1,0,73,20,0,0,2,1,9,3,0,0,2,0,0,0,0,8,0,13,0,5,45,14,0,1,2,0,4,0,0,0,15,0,0,1,0,2,15,20,3,35,137,19,6,0,0,0,0,0,1,0,1,0,0,7,1,5,1,4,0,1,1,7,2,5,6,5,0,0,0,1,0,2,0,0,0,0,0,0,0,0,2,1,0,1,1,1,0,1,0
152,5,7,39,8,4,15,0,0,1,23,0,2,0,3,6,0,41,0,0,1,1,1,2,2,37,2,2,1,0,1,8,2,5,0,1,3,0,5,0,4,6,2,1,12,4,5,1,1,1,0,1,0,7,0,4,1,2,3,21,1,2,2,0,0,0,4,0,0,0,3,16,0,2,3,0,0,18,1,13,0,8,2,0,1,1,9,2,1,1,1,4,0,5,0,0,0,0,0,0,0,2,0,1,3,8,0,0,20,9,0,0,3,0,17,1,2,3,2,0,0,0,0,6,0,5,1,4,40,1,0,0,2,1,8,0,2,0,6,0,1,1,0,3,6,8,2,49,15,192,6,2,0,0,0,0,0,1,0,0,1,13,1,1,2,9,0,0,0,12,3,1,4,13,0,0,2,0,0,2,0,2,0,0,0,0,0,7,1,0,0,1,3,3,1,0,0
153,1,3,26,11,0,57,2,0,1,0,0,0,5,0,11,1,8,1,0,1,0,2,0,0,3,3,1,0,5,0,1,1,2,1,2,0,1,0,6,2,1,3,1,10,0,2,0,0,2,0,0,2,6,0,1,3,0,2,4,2,1,1,2,0,0,7,0,0,1,1,42,0,0,1,2,0,7,0,3,4,1,3,1,2,1,0,6,0,0,16,18,0,0,0,0,0,0,0,0,0,0,0,0,2,15,0,0,26,0,0,0,1,1,9,0,0,0,0,1,0,1,0,23,0,0,0,3,14,0,0,1,0,0,1,3,0,4,10,0,1,1,0,1,5,4,0,23,3,10,103,0,0,0,0,0,0,0,0,1,4,6,8,0,0,3,0,0,1,17,2,2,1,40,0,0,0,0,0,2,1,1,0,0,0,0,0,0,0,0,0,0,14,1,0,0,0
154,3,3,0,0,8,1,0,0,27,0,0,4,10,8,3,27,6,1,4,0,2,1,2,15,6,5,11,10,5,7,3,39,3,0,1,1,2,2,1,1,18,13,9,4,0,4,0,5,3,11,0,14,0,10,0,5,18,0,1,0,1,1,12,15,0,9,2,11,2,3,0,7,9,7,3,1,0,3,1,11,13,16,23,0,4,3,3,16,2,1,2,2,2,28,0,0,8,5,1,11,9,0,0,0,0,7,20,0,0,2,0,1,13,1,7,4,1,30,1,9,9,5,1,0,0,12,1,2,5,5,9,2,12,1,1,1,10,18,14,10,38,1,4,1,3,1,0,0,0,0,76,2,4,1,1,12,5,38,8,38,0,24,2,5,2,0,30,12,2,2,4,0,2,2,2,4,9,0,1,1,0,3,1,2,0,6,0,4,27,2,1,0,4,0,3,0
155,0,0,0,0,3,7,1,0,5,0,0,1,5,3,4,5,1,0,0,30,0,0,2,1,1,5,12,9,0,2,0,3,0,0,0,0,0,0,38,0,7,3,0,0,7,0,4,0,0,0,1,0,0,0,0,5,5,1,2,1,2,0,0,1,0,1,0,0,2,0,1,2,1,1,1,1,0,6,2,3,2,1,3,6,6,1,0,0,4,12,2,3,0,1,0,0,0,0,0,0,9,10,9,12,0,3,1,2,1,0,0,0,0,2,8,1,4,2,2,0,0,0,5,0,0,0,2,2,2,0,19,0,0,1,7,25,32,3,0,1,3,0,3,0,3,1,0,0,0,0,1,90,4,1,1,0,1,9,0,3,0,3,0,1,5,0,2,3,13,1,0,0,1,2,2,1,2,0,2,3,2,0,2,2,0,1,2,2,4,0,1,0,0,0,0,0
156,58,18,2,0,50,3,3,0,42,1,0,16,5,65,0,0,2,3,7,0,1,3,2,10,5,3,0,5,20,5,0,19,7,7,0,0,3,2,0,1,2,42,3,0,0,0,0,17,2,2,5,1,3,8,1,14,30,0,3,2,2,20,16,13,0,5,5,2,2,0,1,4,0,4,0,3,0,2,4,7,6,1,11,0,3,0,30,23,0,0,1,0,0,7,0,0,1,7,0,20,2,0,1,0,0,1,8,1,1,4,0,23,12,0,0,20,1,9,6,4,18,7,1,0,0,5,0,7,6,3,0,2,5,0,0,0,0,4,5,7,6,0,0,0,2,0,2,2,0,0,5,0,115,1,0,8,101,2,1,4,3,5,12,5,1,0,1,1,0,0,4,0,0,10,1,1,8,5,2,1,0,5,0,0,9,5,0,2,9,2,0,0,0,0,1,0
157,2,1,0,0,1,7,0,0,1,0,0,0,2,0,2,2,0,0,2,3,1,0,3,2,0,6,17,35,0,6,0,2,0,1,0,1,0,2,5,0,4,3,2,8,4,0,13,0,0,10,1,4,0,2,7,0,1,0,0,0,0,4,7,6,0,9,1,10,1,3,2,18,3,7,1,0,2,20,1,5,5,2,2,8,25,2,1,2,0,3,17,0,0,5,0,0,2,3,0,3,3,2,2,1,0,2,1,5,9,2,0,0,0,4,1,0,0,3,1,0,0,0,0,0,0,2,1,1,4,0,18,0,5,0,3,11,10,7,1,2,4,0,8,0,4,0,3,2,0,1,0,3,1,58,1,0,3,3,0,4,2,2,0,25,7,0,0,2,1,1,1,0,0,0,3,5,0,0,5,2,7,1,6,1,0,0,1,1,0,0,0,0,1,0,9,0
158,1,0,1,2,2,0,0,0,3,0,0,2,0,6,0,2,2,0,7,1,0,1,0,0,0,2,1,23,0,10,0,0,0,0,9,0,1,0,0,3,3,3,0,0,0,0,0,0,0,0,0,11,1,8,0,7,1,0,0,0,0,0,6,5,0,1,0,6,1,1,0,20,0,3,1,0,2,2,0,3,3,1,1,0,8,0,0,0,2,0,0,12,0,2,0,0,24,15,16,9,21,0,1,0,0,29,0,0,0,7,0,0,0,0,1,0,0,14,3,6,2,17,0,1,0,10,0,3,0,15,6,0,34,0,0,0,0,1,3,0,1,11,1,2,16,0,0,1,0,0,1,0,0,0,59,5,6,10,0,1,0,1,0,9,2,0,1,2,1,0,0,0,0,0,0,1,1,13,0,0,0,0,1,3,1,1,0,0,2,2,0,0,0,0,1,0
159,6,2,0,0,21,0,0,0,4,0,0,5,0,112,0,9,0,1,31,0,0,7,0,7,0,1,4,5,2,19,0,3,0,0,0,0,1,0,0,3,14,2,1,0,1,0,0,3,1,0,0,10,0,45,0,21,11,0,0,0,0,6,11,27,0,0,2,24,0,0,0,3,1,3,0,0,0,4,0,4,9,0,4,0,4,1,5,6,0,1,0,33,1,3,0,0,14,8,25,5,23,0,0,0,0,8,2,1,0,17,0,1,4,0,0,1,0,11,6,17,5,9,0,1,0,20,0,0,0,15,2,2,12,0,0,0,0,0,27,1,1,25,1,0,0,0,0,1,0,0,5,0,3,3,3,51,13,18,1,1,1,15,0,11,0,0,13,1,1,0,7,2,0,0,0,1,2,14,0,0,0,0,0,2,1,4,0,3,5,6,1,0,1,0,0,0
160,68,11,0,0,89,1,0,0,53,1,0,26,2,91,2,1,1,2,6,0,5,1,0,10,1,0,0,9,14,5,6,18,0,6,0,0,2,0,0,1,9,80,9,1,0,0,1,23,0,1,5,9,2,10,0,17,7,1,0,0,4,10,21,19,0,0,1,9,0,1,0,3,2,4,2,1,0,0,0,1,2,3,2,1,4,3,44,19,1,1,1,5,1,6,0,0,6,6,0,43,10,0,0,0,0,3,1,1,2,32,0,15,18,1,0,10,0,5,8,18,63,29,1,1,1,8,1,3,0,6,3,2,6,1,2,0,3,1,11,3,6,4,0,1,4,0,2,0,0,0,9,4,89,0,16,13,229,11,0,1,1,5,12,12,1,0,11,1,0,2,2,0,2,13,0,0,13,7,0,2,0,0,0,3,9,4,2,0,19,1,0,0,2,0,0,0
161,3,0,0,3,9,0,0,0,30,0,0,1,14,10,2,22,5,1,5,1,1,5,11,72,0,3,15,22,3,26,3,18,0,0,2,1,1,1,4,2,8,12,8,1,0,0,2,2,0,6,1,37,3,5,1,4,28,0,1,0,2,11,43,27,0,3,4,18,1,1,2,24,2,14,2,1,1,12,0,60,5,17,7,4,2,13,10,5,1,0,9,10,1,53,0,0,26,7,10,2,14,0,2,0,0,32,29,0,0,15,0,0,9,0,5,5,14,137,44,12,10,3,0,1,0,21,0,1,1,3,49,1,9,1,0,2,9,6,21,15,30,1,8,5,23,3,1,0,1,1,20,6,3,5,8,8,6,85,9,22,0,31,2,14,3,1,17,14,1,3,2,1,1,3,1,0,28,6,3,0,2,3,3,4,0,4,2,1,3,4,0,0,3,0,5,0
162,1,5,1,1,2,3,1,0,3,4,0,3,4,1,5,11,6,0,1,2,1,2,2,7,0,16,7,9,6,3,3,20,2,5,2,0,2,2,1,2,37,0,6,1,0,1,8,1,4,11,0,4,0,0,6,2,2,0,3,2,2,6,3,8,0,7,0,3,0,6,6,0,17,23,6,1,0,0,0,6,12,9,5,5,4,5,0,0,10,2,1,0,1,32,0,0,1,0,0,3,2,1,8,2,0,1,7,1,2,1,0,4,6,0,2,2,10,2,1,4,0,6,1,0,0,5,0,1,1,0,8,2,12,1,3,1,0,13,0,0,6,0,8,0,6,0,1,1,2,2,3,0,0,0,1,2,0,3,62,5,1,4,1,9,3,1,4,8,1,1,0,0,3,0,3,1,0,0,5,0,10,3,2,0,0,0,1,2,2,1,1,0,0,1,2,0
163,7,3,1,3,13,4,4,0,13,0,0,12,34,14,11,19,16,1,15,2,3,6,35,23,3,22,23,25,9,2,9,32,3,9,0,1,18,1,9,4,41,4,5,9,13,5,7,6,3,21,2,8,3,0,7,8,13,11,4,5,3,6,8,13,0,18,7,10,10,12,1,8,28,39,34,0,4,4,2,21,23,26,14,45,9,30,2,20,32,18,33,3,11,19,0,0,1,5,2,3,3,5,37,14,1,2,12,2,10,3,0,1,23,4,46,10,27,10,4,5,2,7,4,1,0,1,1,15,4,0,26,5,6,0,4,10,8,53,6,18,19,0,11,3,4,6,6,1,3,3,8,16,0,0,0,2,2,19,9,65,2,23,4,24,22,5,20,27,8,5,5,7,4,0,1,1,3,0,23,6,5,10,4,3,1,0,8,3,11,8,6,1,3,0,2,0
164,3,10,121,56,1,42,2,0,2,14,0,1,2,2,31,4,39,2,0,1,0,5,7,2,32,4,5,2,1,0,20,2,7,6,5,1,4,13,7,18,3,0,8,9,7,40,1,2,2,0,2,0,12,0,12,1,2,11,64,2,3,0,0,0,0,3,0,0,1,16,9,0,2,6,2,2,15,3,4,3,6,6,0,7,1,1,1,1,5,0,4,1,4,0,0,0,2,0,0,0,2,0,0,2,2,0,1,31,13,6,0,0,1,10,3,2,3,0,0,0,0,0,1,0,23,2,4,64,7,0,7,5,3,16,0,3,1,9,0,1,1,1,4,16,28,2,41,8,23,5,2,1,2,0,0,1,1,3,1,3,65,2,1,0,20,1,0,0,11,1,3,4,7,0,1,0,0,1,6,0,4,1,0,1,4,1,5,0,1,0,1,0,2,0,0,0
165,7,0,0,1,2,5,1,0,40,0,0,8,11,15,0,24,2,6,3,0,0,4,1,21,0,14,4,5,33,14,0,47,5,5,1,0,6,0,0,1,38,12,6,4,0,1,1,2,3,3,2,37,0,14,1,6,16,0,1,7,1,14,21,31,0,5,6,9,1,1,2,11,7,25,6,1,1,3,1,10,4,25,31,6,3,5,6,9,1,7,5,3,1,52,0,0,2,4,2,9,2,0,6,0,0,7,7,6,0,2,0,2,27,2,4,8,3,21,14,10,12,10,1,2,0,10,0,2,4,8,22,0,15,0,0,0,7,10,12,8,58,1,1,1,4,2,0,0,1,2,20,2,9,1,3,11,7,29,9,10,0,139,20,11,2,2,47,13,0,5,10,1,0,1,0,4,12,0,2,1,0,1,2,1,1,1,4,10,19,15,0,1,0,0,0,0
166,38,16,2,2,20,6,2,0,36,0,0,25,8,25,4,4,1,4,7,1,15,7,5,3,6,7,0,2,37,0,4,45,3,13,1,0,6,2,1,4,32,12,7,3,0,0,0,20,8,1,3,5,3,2,0,3,31,1,6,4,2,7,7,12,0,7,3,2,10,0,0,0,3,18,2,4,1,1,2,2,22,4,7,0,2,2,10,16,11,0,7,0,1,3,0,0,3,0,0,8,2,0,2,0,0,4,2,6,3,0,0,11,31,1,0,13,1,3,6,4,10,5,0,0,0,0,0,16,0,3,3,3,1,1,0,0,2,16,7,0,4,0,0,3,5,0,1,4,2,1,5,0,13,0,0,0,10,10,1,7,0,20,50,1,1,1,10,12,0,0,4,3,6,1,0,0,11,2,3,0,1,5,0,0,10,5,1,8,18,0,0,0,1,0,1,0
167,8,0,0,2,6,1,2,0,11,2,0,4,14,9,2,24,15,1,8,2,1,2,2,8,0,2,46,34,6,18,1,2,1,1,2,4,4,1,5,3,9,7,3,1,2,0,19,0,1,12,0,14,0,5,0,1,8,5,2,0,3,2,7,3,0,8,0,3,3,7,2,17,4,3,6,0,2,32,3,29,4,2,6,2,33,4,1,3,4,7,8,2,9,13,0,0,6,9,3,2,15,1,7,8,0,12,43,2,2,1,0,7,1,1,11,5,5,60,7,8,0,0,3,0,0,13,1,10,1,10,42,3,26,2,1,25,4,19,2,3,6,1,8,1,4,11,2,1,0,4,4,1,0,37,25,2,4,28,6,21,0,9,3,119,17,7,4,4,5,3,1,1,0,0,25,25,10,1,7,1,15,9,3,5,0,1,0,5,5,3,0,0,19,0,21,0
168,2,8,12,1,2,8,10,0,3,5,0,7,17,6,11,9,30,7,1,2,4,14,6,2,7,7,20,2,15,4,3,5,5,6,11,2,13,4,5,16,6,3,0,19,17,3,2,0,4,1,0,2,1,0,16,3,0,10,5,2,2,6,3,0,0,8,0,2,10,7,19,2,6,13,7,0,9,4,8,2,22,13,2,13,6,2,0,4,17,2,21,1,9,5,0,0,0,0,0,0,0,2,14,0,6,2,1,7,8,3,0,0,15,14,13,2,3,4,1,4,3,0,10,0,0,3,3,24,5,0,7,9,4,3,2,5,5,24,0,1,3,0,23,17,42,5,35,5,6,6,3,7,0,6,2,0,0,6,2,17,12,6,2,3,43,0,9,4,17,10,3,7,1,0,4,2,0,0,22,1,1,0,2,0,1,0,4,3,3,2,6,2,1,0,3,0
169,0,2,0,0,2,0,0,0,0,0,0,0,1,1,3,0,0,0,1,0,1,1,3,1,0,2,2,4,0,0,0,0,0,2,0,0,0,0,0,0,0,1,0,2,0,0,1,1,0,0,0,0,0,1,0,1,0,0,0,0,0,4,0,2,0,1,0,0,0,0,1,2,0,5,1,0,0,0,1,1,1,4,1,1,2,0,0,0,0,0,2,0,0,2,0,0,1,0,0,0,0,0,2,1,1,0,1,0,0,0,0,0,1,0,0,0,8,2,2,0,1,0,0,0,0,1,0,0,0,0,5,0,1,0,0,0,0,5,0,2,2,0,4,0,3,1,0,0,1,1,0,0,1,1,0,0,0,0,1,0,0,1,0,7,0,6,2,1,0,0,0,2,0,0,0,0,0,0,0,1,0,0,0,0,0,0,0,0,0,1,0,0,0,0,0,0
170,8,1,0,0,3,3,2,0,18,0,0,8,12,5,3,7,0,4,2,1,3,4,1,13,2,5,2,11,19,12,2,23,2,2,3,1,6,3,2,1,14,16,3,1,0,0,1,1,1,10,3,10,1,1,0,3,16,1,2,11,3,1,8,11,0,6,14,8,3,0,14,4,17,17,1,0,0,0,0,7,13,21,18,6,2,7,7,14,9,1,12,0,3,23,0,0,3,1,0,3,7,0,1,0,0,5,20,4,0,8,0,4,36,2,1,6,9,23,5,4,5,2,1,1,0,5,0,3,1,1,5,1,12,3,1,2,3,8,7,4,31,0,1,0,2,4,1,0,0,3,33,0,2,2,1,9,1,24,8,21,0,46,8,2,12,0,104,12,1,1,6,2,4,0,3,3,9,2,0,0,0,4,0,2,5,1,0,4,8,2,0,0,3,0,2,0
171,5,1,0,0,2,5,2,0,15,1,0,3,8,5,11,5,3,2,1,0,0,3,1,4,5,11,3,6,20,8,1,31,3,1,1,0,5,3,1,1,31,1,10,2,0,2,1,1,4,8,0,7,1,0,0,4,4,1,7,4,3,8,2,15,0,9,0,3,2,6,2,5,14,17,6,1,0,1,11,9,15,18,9,6,3,5,1,2,19,3,10,1,13,18,0,0,7,1,0,2,7,5,10,1,0,6,7,4,5,5,0,4,24,1,5,4,3,13,0,3,1,1,1,0,0,6,0,6,3,0,8,5,6,1,0,0,0,8,4,3,24,0,2,2,8,1,4,0,1,2,20,2,1,2,0,3,4,13,7,17,0,11,2,7,6,0,12,64,0,4,13,6,0,1,0,1,4,3,1,1,0,4,0,1,0,0,0,6,2,5,1,0,0,0,1,0
172,10,7,15,10,1,50,1,0,9,13,0,0,7,3,12,0,17,5,0,4,0,4,5,0,9,6,10,5,6,0,3,8,9,0,2,3,1,1,6,5,2,0,2,19,6,4,0,1,7,0,0,1,7,2,1,0,0,1,7,9,0,1,0,0,0,3,2,1,6,15,15,2,2,8,4,1,7,4,10,2,3,7,1,0,3,2,4,0,2,1,5,0,13,1,0,0,0,0,0,0,1,0,9,1,11,0,1,7,13,3,0,0,2,22,2,1,0,1,1,1,0,0,35,0,1,0,3,11,1,1,2,1,0,19,3,3,2,10,1,0,0,0,2,33,41,2,22,8,17,18,0,1,1,1,1,0,0,1,19,2,10,0,5,0,14,0,1,1,97,8,4,6,27,0,0,0,1,0,5,6,1,2,1,0,1,0,1,1,1,1,10,6,0,0,0,0
173,1,6,2,0,0,28,4,0,3,17,0,4,1,1,9,1,9,3,2,3,0,1,5,1,3,1,5,1,4,0,2,1,1,4,2,1,1,7,0,10,7,3,3,6,10,3,2,0,4,0,5,0,2,2,7,0,2,0,1,2,0,0,1,0,0,12,0,3,0,13,20,1,2,16,2,1,5,5,1,0,2,6,0,2,1,1,0,1,1,2,5,0,5,1,0,0,0,0,0,0,1,0,0,2,6,0,1,8,6,1,0,0,2,13,5,0,0,1,0,0,0,0,8,0,0,0,0,4,5,0,1,3,1,16,2,2,0,5,0,0,0,0,8,11,11,3,24,2,12,5,0,1,0,1,0,0,0,1,0,0,9,0,0,1,6,0,0,13,10,64,3,3,11,0,5,0,0,0,6,2,2,0,0,0,0,0,4,3,0,1,4,1,0,0,1,0
174,16,8,3,2,3,9,1,0,25,2,0,15,5,7,8,6,4,10,10,0,11,19,7,7,6,24,9,5,11,0,1,61,11,13,10,2,58,2,0,6,16,5,29,5,2,1,1,6,8,4,6,2,7,3,0,4,13,6,5,11,12,10,3,10,0,11,4,4,13,0,3,0,16,16,9,5,0,2,0,8,29,16,26,1,5,4,4,10,5,0,7,1,5,13,0,0,3,0,0,8,7,0,1,1,1,0,5,1,4,1,0,6,23,3,3,7,2,3,4,3,5,7,0,0,1,6,2,39,7,2,3,17,1,0,0,0,0,18,0,3,3,0,3,2,7,0,2,4,1,1,6,3,4,2,1,4,5,5,8,19,0,14,11,4,6,1,11,13,4,4,89,3,0,1,1,1,8,1,6,3,1,0,2,0,5,2,1,20,10,4,3,0,1,0,2,0
175,2,2,2,11,1,7,2,0,0,5,0,1,0,1,8,1,11,8,0,0,5,10,3,4,3,11,3,0,0,0,4,4,5,5,6,5,12,3,1,9,3,0,6,6,5,6,0,0,2,0,4,0,4,0,3,0,0,2,2,1,6,2,1,3,0,13,0,0,3,5,4,2,0,13,1,2,5,1,3,3,8,3,0,2,0,3,0,1,4,0,2,2,14,3,0,0,1,0,0,0,1,0,3,0,0,0,0,15,14,2,0,1,2,2,2,4,0,1,1,1,0,1,3,0,0,0,1,10,11,0,3,35,0,2,0,0,0,9,0,1,1,0,0,3,7,1,6,0,5,1,1,0,0,0,0,0,1,2,0,4,2,4,2,3,5,2,2,3,2,2,7,18,0,0,0,0,1,0,4,0,1,2,1,0,1,0,3,5,0,7,0,0,0,0,1,0
176,3,4,20,19,0,63,0,0,4,4,0,0,1,0,5,0,10,0,0,0,0,0,0,2,9,0,1,0,0,0,2,3,0,2,1,4,1,0,0,0,2,0,0,1,1,0,0,0,1,0,0,0,4,2,5,1,1,2,3,0,1,0,1,0,0,3,0,0,0,4,11,0,1,1,0,0,4,0,6,1,11,4,0,0,0,0,0,0,1,0,10,1,0,0,0,0,0,0,0,0,0,0,0,12,9,0,0,10,5,0,0,0,0,5,0,0,3,0,0,0,0,0,30,0,0,0,0,10,3,0,3,0,0,0,1,0,2,0,0,0,2,0,2,15,6,1,22,11,10,33,0,1,0,2,0,0,1,0,0,1,8,0,1,0,9,0,9,2,25,7,7,1,164,0,0,0,0,0,6,0,0,1,0,0,0,0,3,1,0,0,1,3,0,0,0,0
177,7,6,2,0,92,0,0,0,7,2,0,3,0,28,0,6,0,0,2,0,0,0,0,8,0,2,0,1,2,2,0,6,0,0,0,0,0,0,0,0,2,26,0,1,0,0,0,10,0,1,0,0,1,6,0,3,1,0,0,0,0,2,13,3,0,0,0,1,0,0,0,2,1,1,0,1,0,0,0,4,0,0,0,0,0,1,3,3,0,0,1,0,0,0,0,0,0,4,0,4,2,0,0,0,0,0,0,0,0,8,0,5,1,0,0,3,0,0,0,7,4,0,1,0,0,1,1,3,0,1,2,3,0,0,0,0,0,0,2,3,0,0,0,0,0,2,0,0,0,0,2,3,9,1,0,0,14,0,0,1,1,0,0,0,0,0,0,0,0,0,2,0,0,66,0,0,1,1,0,0,0,0,0,0,4,2,0,0,0,2,0,0,0,0,0,0
178,1,0,0,0,2,1,0,0,1,0,0,0,0,0,4,3,7,0,0,1,0,0,4,0,0,1,27,9,0,4,0,7,0,0,0,2,0,0,7,0,3,0,0,2,1,0,10,0,7,3,0,3,0,1,2,1,0,0,1,0,1,1,0,1,0,3,0,0,0,3,0,1,0,4,0,0,0,12,1,16,2,2,1,6,14,1,0,0,5,18,5,0,0,1,0,0,1,4,0,0,0,0,6,0,0,0,6,1,0,0,0,0,0,2,2,0,3,1,0,0,0,0,0,0,0,2,0,0,1,0,5,1,1,0,3,5,3,1,4,7,3,0,10,1,1,0,1,0,0,0,1,1,1,5,0,0,3,4,0,6,1,1,0,19,2,0,0,0,1,1,2,0,0,0,40,6,0,0,1,2,5,0,1,2,0,1,0,0,0,5,0,0,16,0,19,0
180,1,0,1,3,2,1,0,0,2,0,0,0,1,0,12,3,4,0,2,8,0,0,0,4,0,2,12,8,1,2,0,7,0,0,0,0,0,0,8,1,5,0,0,2,1,1,5,2,0,3,0,10,0,0,0,1,2,7,0,1,0,0,2,0,0,0,0,3,0,1,1,12,2,3,1,0,2,3,1,7,2,9,4,4,7,4,0,2,7,4,2,1,3,2,0,0,2,0,0,0,0,0,0,2,0,5,6,0,0,3,0,0,1,1,23,0,1,4,6,1,0,0,0,0,0,3,1,0,1,1,9,11,2,0,3,0,1,0,4,2,2,0,26,0,0,1,2,0,1,0,3,1,1,4,0,1,0,1,3,0,0,3,0,18,1,1,0,0,0,0,1,1,0,0,3,43,3,0,2,0,1,3,1,0,0,0,0,1,1,2,0,0,3,0,3,0
181,19,1,0,0,11,0,0,0,49,1,0,9,3,13,0,14,4,4,3,0,2,4,3,21,1,5,7,10,22,7,0,20,0,2,4,0,3,2,0,1,14,7,1,1,0,0,2,11,2,6,3,25,0,9,0,10,19,1,1,1,2,3,21,27,0,1,7,15,2,1,0,3,2,12,1,4,0,4,1,9,2,2,15,0,0,3,14,11,4,1,3,2,0,12,0,0,2,6,2,29,0,0,0,0,0,5,14,2,1,8,0,2,21,2,2,14,2,4,8,28,11,5,0,1,0,3,0,0,2,7,13,1,4,1,0,5,0,6,12,29,4,1,1,0,4,1,1,0,0,0,14,0,19,0,3,12,6,6,1,3,1,13,9,9,0,2,8,1,2,1,8,2,0,0,0,0,40,1,1,1,0,0,1,3,5,9,0,0,27,5,0,0,1,0,0,0
182,2,0,1,2,3,0,0,0,6,0,0,0,1,33,1,1,0,1,19,0,1,1,0,8,1,2,2,2,1,4,0,2,0,0,0,0,1,0,1,0,2,2,0,0,0,0,0,1,1,1,0,6,0,14,0,3,5,0,2,0,0,2,7,11,0,0,1,3,0,0,0,3,0,1,0,0,0,0,0,5,0,1,0,0,2,0,2,0,0,0,0,2,0,1,0,0,4,3,10,3,12,0,0,0,0,9,1,1,0,7,0,0,1,0,0,4,5,2,2,11,7,7,0,0,0,1,0,0,0,7,3,0,5,0,0,1,0,0,3,1,1,11,0,0,0,0,0,0,0,0,1,0,7,0,10,27,4,3,0,0,0,5,2,2,0,0,0,1,0,0,1,0,0,1,0,0,2,55,0,0,0,0,0,0,1,5,1,0,6,0,0,0,1,0,0,0
183,2,5,15,3,1,5,2,0,3,3,0,28,17,1,3,8,17,1,1,0,4,7,8,1,4,25,15,4,1,1,4,26,0,3,1,0,9,7,1,7,20,1,4,11,2,14,2,0,3,0,0,1,1,7,6,8,3,0,3,2,4,1,0,3,0,9,0,1,5,19,9,2,7,29,15,1,14,3,8,4,30,2,2,13,3,4,0,0,9,0,16,0,16,3,0,0,1,1,2,0,2,2,11,3,1,0,1,8,7,0,0,1,0,10,11,2,4,2,0,0,2,4,2,0,1,0,5,13,2,0,8,6,0,8,11,2,4,30,7,3,3,0,17,1,12,28,5,3,2,1,6,2,1,9,1,0,0,7,4,13,3,2,6,4,27,1,2,3,8,4,8,4,7,2,4,1,1,0,85,3,6,2,2,0,2,2,3,2,3,4,3,0,0,0,2,0
184,0,0,0,0,0,0,0,0,0,1,0,2,2,0,0,0,0,0,0,3,0,0,2,2,0,0,1,0,0,0,0,2,0,1,1,0,0,0,3,1,5,0,0,1,1,0,2,0,2,0,0,0,0,0,0,0,0,0,2,0,0,1,0,0,0,5,0,0,0,1,0,1,0,3,1,0,1,2,0,2,4,4,0,2,0,3,0,1,4,4,3,1,0,1,0,0,0,0,0,0,0,19,3,20,0,0,1,0,0,0,0,0,0,2,8,3,6,0,0,0,2,0,3,0,0,0,0,1,1,0,2,0,0,1,7,5,3,9,0,2,3,0,2,0,3,1,4,0,2,0,0,5,0,2,0,0,1,4,2,1,2,1,0,2,0,0,0,0,3,1,0,0,0,0,0,2,0,0,3,19,0,3,1,1,0,0,0,1,0,0,1,1,0,3,0,0
185,0,0,1,0,0,1,0,0,2,0,0,0,0,3,4,9,1,0,0,1,0,1,0,1,0,0,2,3,3,3,0,1,0,0,0,1,0,0,0,1,0,2,2,2,1,0,20,0,0,2,0,4,0,0,0,3,0,0,3,0,0,4,1,0,0,0,0,0,0,2,0,4,0,5,0,1,0,2,1,6,4,1,0,3,15,4,0,0,2,4,4,0,0,2,0,0,0,0,0,0,0,0,16,2,0,3,0,0,1,0,0,0,0,0,1,0,4,3,0,0,0,0,2,0,0,0,0,0,0,0,1,0,4,0,2,3,3,0,0,1,0,0,7,0,1,1,1,0,0,3,0,1,0,2,0,0,1,7,14,0,2,0,0,6,1,1,0,0,0,1,0,0,1,0,9,1,2,0,1,0,16,1,3,0,0,0,1,1,0,0,2,0,7,2,3,0
186,1,0,0,0,2,2,2,0,2,1,0,0,6,2,13,5,1,1,0,1,1,0,7,0,1,2,5,7,4,1,0,8,4,0,0,1,0,0,1,0,7,2,1,1,1,0,1,0,0,2,2,2,0,0,0,2,1,0,6,0,0,2,0,0,0,1,0,0,0,0,0,5,17,3,17,0,2,2,1,1,5,4,1,4,2,17,1,2,3,5,5,0,2,6,0,0,1,1,0,0,1,2,5,1,1,0,7,0,0,0,0,0,0,3,1,0,3,2,2,0,0,2,1,0,0,0,0,0,2,0,3,0,0,0,1,3,2,9,1,2,1,0,3,3,1,0,0,2,1,0,0,7,2,2,1,1,2,0,0,7,0,1,4,2,2,0,3,5,1,2,1,0,0,0,0,1,0,0,6,1,1,26,0,0,0,1,0,0,0,2,2,0,3,0,1,0
187,1,0,0,0,0,1,0,0,0,0,0,0,2,3,1,3,0,0,1,0,1,1,1,1,1,2,4,19,0,8,0,2,1,0,1,0,0,0,1,0,0,3,0,0,0,0,0,0,0,1,0,3,0,1,0,0,3,0,1,0,0,0,3,1,0,0,0,0,0,0,2,6,0,1,0,0,0,18,0,7,0,0,0,1,6,4,2,1,3,3,1,0,1,3,0,0,2,3,4,1,6,1,2,1,0,5,2,0,0,0,0,0,3,1,0,1,1,2,0,1,0,1,0,0,0,1,1,1,0,0,4,0,7,1,1,2,6,2,0,0,0,2,0,0,1,0,1,0,0,0,1,1,1,11,1,1,0,5,1,2,0,0,1,15,1,2,1,0,0,0,2,0,0,0,1,5,0,0,1,0,3,2,41,1,0,0,1,0,0,1,0,1,3,0,3,0
188,1,0,0,0,2,1,0,0,3,0,0,0,0,2,0,4,0,0,1,1,0,0,3,0,0,1,7,7,1,2,1,2,1,0,0,0,2,1,1,0,1,2,1,0,0,0,1,0,0,0,0,7,2,5,0,0,6,0,0,0,0,0,1,4,0,1,0,1,0,0,0,6,0,1,1,0,0,5,1,6,0,3,0,0,7,2,0,0,1,0,4,0,0,3,0,0,3,6,0,1,1,1,0,0,0,0,4,0,0,2,0,0,0,0,0,0,4,7,1,0,0,0,0,0,0,3,0,1,1,0,7,0,3,0,1,1,0,1,3,2,1,0,1,0,0,0,0,0,0,0,1,2,0,5,1,3,3,7,0,2,0,2,1,2,0,0,1,0,0,0,0,0,0,0,2,1,1,0,1,0,0,0,2,25,0,0,0,0,2,0,0,0,1,0,1,0
189,32,16,0,4,7,0,0,0,9,2,0,18,3,11,11,0,1,4,1,0,8,7,11,5,2,7,0,1,23,0,0,23,1,4,0,2,5,1,0,2,3,7,5,1,1,1,0,10,3,0,4,0,1,0,0,5,13,1,0,9,1,21,8,1,0,3,0,0,2,2,1,2,0,4,1,6,1,0,0,1,19,4,8,0,2,0,8,9,4,1,1,0,1,4,0,0,1,0,1,11,2,0,0,0,2,3,0,4,2,1,0,3,7,0,0,15,2,4,1,2,12,0,2,0,0,2,3,32,2,1,2,5,0,0,0,0,0,2,0,0,1,0,0,0,1,1,1,0,0,0,0,0,7,0,0,0,8,0,2,1,1,1,26,2,1,0,5,2,6,0,6,2,0,1,0,0,1,0,0,0,0,1,0,0,38,2,0,10,5,1,0,3,0,0,0,0
190,11,2,0,0,3,0,0,0,19,0,0,3,0,7,0,6,0,0,2,0,1,4,8,8,3,2,0,4,18,2,0,2,0,1,1,0,1,1,0,2,5,4,3,0,0,0,0,5,1,3,0,15,1,6,0,1,4,0,0,1,2,11,9,13,0,3,0,10,0,0,0,4,0,2,0,0,0,1,0,5,0,3,8,1,0,0,6,10,0,0,0,0,1,1,0,0,4,4,3,5,3,1,1,1,0,6,2,0,1,4,0,2,15,0,0,7,0,2,10,22,10,1,0,1,0,8,0,6,3,3,3,1,4,0,2,0,1,5,4,3,2,1,0,0,0,0,0,0,0,0,4,0,2,0,2,3,15,5,0,2,0,3,7,4,0,0,1,1,0,0,1,0,0,4,0,2,2,3,2,0,0,1,0,0,3,51,0,2,16,4,0,2,1,0,0,0
191,3,4,3,7,0,4,11,0,5,1,0,10,5,3,9,0,22,6,0,0,4,8,12,1,2,5,4,2,1,1,9,9,5,2,4,0,16,5,3,6,2,0,4,2,4,5,0,1,2,0,6,2,0,0,1,1,0,4,3,1,3,0,1,2,0,1,0,2,5,6,0,0,3,16,2,1,8,0,6,2,6,2,0,5,1,2,1,1,5,0,4,0,5,1,0,0,1,0,1,2,0,2,7,2,5,2,1,6,10,0,0,1,7,2,0,0,3,0,1,2,1,0,3,0,0,1,1,12,6,0,0,10,1,1,1,1,2,5,0,0,2,0,3,2,9,5,7,0,3,3,1,0,2,0,0,0,0,1,4,6,1,2,2,3,7,0,1,0,4,3,10,3,1,1,0,0,4,1,2,1,0,3,1,0,2,1,35,7,0,0,0,0,0,0,1,0
192,15,8,0,4,4,4,6,0,9,2,0,8,5,5,7,3,2,7,2,1,6,3,1,5,4,6,4,4,15,0,0,23,7,6,7,2,12,5,0,3,8,2,12,2,3,1,0,2,5,0,3,1,0,1,0,5,2,3,1,2,6,9,4,2,0,11,3,2,9,1,0,0,0,10,2,4,4,0,0,2,4,4,8,1,0,2,0,4,1,0,3,1,5,2,0,0,0,1,2,2,6,1,4,0,0,0,3,2,4,2,0,4,12,0,0,2,1,1,1,6,1,2,1,0,0,0,1,13,3,0,3,1,2,2,0,0,0,7,0,1,5,0,2,1,3,0,1,3,1,0,1,0,1,0,1,3,3,4,2,8,0,7,2,4,8,0,3,1,2,0,17,0,0,2,0,0,3,0,6,0,0,3,0,0,13,4,7,41,4,0,2,0,0,1,1,0
193,14,5,0,2,10,2,0,0,16,0,0,29,2,18,2,2,5,4,3,0,15,4,0,15,1,10,9,7,26,3,0,41,2,1,2,3,3,3,0,3,15,8,0,0,1,0,1,10,1,4,1,8,0,14,0,5,22,1,3,0,3,42,14,22,0,4,1,11,0,0,1,2,7,4,0,4,3,2,0,20,3,10,23,0,2,3,13,33,0,1,0,0,2,23,0,0,3,6,1,5,2,0,3,0,0,8,9,0,3,3,0,10,23,0,1,13,1,8,7,13,11,2,1,0,0,4,3,4,3,4,9,3,6,0,0,0,0,3,7,6,4,1,2,0,2,3,2,1,0,1,25,0,10,1,1,1,12,8,3,17,0,9,26,3,2,0,5,14,0,0,14,0,0,2,0,2,12,0,3,0,0,0,1,0,5,17,4,3,69,4,0,0,1,0,0,0
194,1,0,1,0,5,0,1,0,12,0,0,1,1,5,1,12,4,0,2,0,0,1,2,4,0,2,7,21,3,4,0,10,0,0,1,0,0,1,0,0,4,2,5,0,0,0,2,1,0,7,0,10,0,2,0,1,12,1,1,1,0,0,13,10,0,2,0,4,2,3,2,14,6,16,4,1,0,7,0,15,2,2,1,1,9,0,5,1,3,2,0,0,9,13,0,0,10,4,0,0,1,0,3,0,1,0,3,0,2,1,0,0,5,0,3,2,3,4,9,7,6,1,0,0,0,0,0,1,1,4,6,0,6,0,0,0,2,2,3,5,5,0,6,5,0,1,1,0,0,0,4,0,1,1,0,3,1,13,4,5,0,4,0,11,0,0,1,6,0,0,0,2,1,0,3,1,17,0,3,1,1,1,5,0,1,4,0,0,10,22,0,0,1,0,1,0
195,0,0,0,0,0,3,1,0,0,3,0,0,3,2,1,2,2,0,0,1,0,0,2,0,1,5,5,0,2,0,0,0,2,0,4,0,0,2,2,1,1,0,0,1,0,1,1,0,0,1,0,2,0,0,0,0,0,0,0,0,1,0,0,0,0,3,0,0,0,1,1,0,7,11,2,0,1,0,1,0,6,4,0,3,0,2,0,0,1,8,4,0,1,1,0,0,0,0,0,0,0,2,2,7,1,0,1,1,1,0,0,0,0,3,4,0,1,1,0,1,0,0,6,0,0,0,0,1,3,0,2,0,0,3,2,3,0,5,0,3,1,0,4,0,3,0,1,0,0,0,0,4,0,0,0,0,0,0,0,2,0,0,0,0,2,1,0,0,6,0,7,1,0,0,0,0,0,0,6,3,1,0,0,0,0,0,1,1,1,0,48,0,0,0,0,0
196,0,2,9,1,1,11,0,0,2,0,0,0,0,0,2,3,2,0,0,1,0,2,2,0,0,0,1,1,6,1,2,1,0,0,0,0,1,0,0,1,1,0,0,2,0,2,1,0,0,0,1,1,3,0,0,1,1,0,6,0,4,0,0,0,0,0,0,0,0,0,16,0,0,1,0,0,0,0,5,1,0,2,0,2,0,1,0,0,0,0,1,0,0,0,0,0,0,0,0,0,0,0,0,0,6,0,0,3,0,0,0,0,2,1,0,1,0,0,0,0,0,0,4,0,0,0,0,3,0,0,1,0,0,2,0,0,0,2,0,0,0,0,0,1,0,2,5,2,7,6,0,0,0,0,1,0,0,0,1,0,3,3,0,2,0,0,1,0,1,0,1,0,6,0,0,0,0,0,0,0,0,0,0,0,0,0,0,0,0,0,0,19,1,0,2,0
197,2,0,1,2,1,1,1,0,3,0,0,0,2,1,0,0,4,0,1,0,0,0,1,3,0,1,6,11,0,1,0,1,0,1,0,0,2,0,0,0,1,5,0,3,0,0,12,0,0,0,0,3,1,0,0,1,2,0,2,0,0,0,6,1,0,1,0,1,0,2,0,2,0,6,0,0,0,5,0,2,0,2,0,1,3,2,0,0,1,0,3,0,1,7,0,0,1,1,0,0,1,2,2,4,0,1,5,2,0,1,0,0,0,0,1,0,1,4,2,1,0,0,0,0,0,1,0,0,0,3,14,2,0,0,2,8,3,2,3,9,0,1,11,2,1,2,0,1,1,0,0,0,0,2,0,0,2,4,1,5,0,0,0,8,2,1,1,0,1,0,1,0,0,0,13,9,1,0,2,0,5,2,2,0,0,0,0,0,1,2,0,0,14,0,3,0
198,0,0,0,0,0,0,0,0,0,0,0,0,0,0,0,0,0,0,0,4,0,0,0,0,0,0,2,0,0,0,0,1,0,0,0,0,0,0,4,0,0,0,0,0,0,0,0,0,0,0,0,0,0,0,0,0,0,0,0,0,0,0,0,0,0,0,0,0,0,0,0,0,0,0,0,0,0,0,0,0,0,1,0,0,0,1,0,0,0,2,0,0,0,0,0,0,0,0,0,0,0,1,0,1,0,0,0,1,0,0,0,0,0,0,0,0,0,0,0,0,0,0,1,0,0,0,0,0,0,0,0,0,0,0,0,1,0,1,0,0,0,0,0,0,0,0,0,0,0,0,0,1,0,0,0,0,0,0,0,1,0,0,0,0,0,0,0,0,0,0,1,0,0,0,0,1,0,0,0,2,0,1,0,0,0,0,0,0,0,0,0,0,0,2,0,0
199,2,2,0,0,2,1,0,0,2,0,0,1,1,1,4,7,2,0,1,5,0,2,3,4,0,0,19,7,1,0,0,2,0,1,2,0,0,1,3,1,1,0,1,2,1,0,7,0,0,1,0,1,0,0,1,0,2,1,0,0,0,0,0,2,0,0,0,11,0,2,1,0,2,2,1,0,0,7,0,14,2,1,2,6,10,1,1,0,4,2,9,0,0,5,0,0,1,5,0,4,0,1,1,2,0,0,3,2,0,0,0,0,8,3,7,0,5,3,0,0,0,1,0,0,1,0,0,0,2,0,11,1,2,3,3,3,7,6,1,4,0,0,12,0,0,2,2,0,1,0,4,4,0,7,0,0,0,10,3,0,2,0,0,3,1,0,0,0,1,0,1,2,1,1,11,6,3,0,2,1,7,0,2,0,0,0,1,0,0,0,1,2,9,0,34,0
515,0,0,0,0,0,0,0,0,0,0,0,0,0,0,0,0,0,0,0,0,0,0,0,0,0,0,0,0,0,0,0,0,0,0,0,0,0,0,0,0,0,0,0,0,0,0,0,0,0,0,0,0,0,0,0,0,0,0,0,0,0,0,0,0,0,0,0,0,0,0,0,0,0,0,0,0,0,0,0,0,0,0,0,0,0,0,0,0,0,0,0,0,0,0,0,0,0,0,0,0,0,0,0,0,0,0,0,0,0,0,0,0,0,0,0,0,0,0,0,0,0,0,0,0,0,0,0,0,0,0,0,0,0,0,0,0,0,0,0,0,0,0,0,0,0,0,0,0,0,0,0,0,0,0,0,0,0,0,0,0,0,0,0,0,0,0,0,0,0,0,0,0,0,0,0,0,0,0,0,0,0,0,0,0,0,0,0,0,0,0,0,0,0,0,0,0
